,genre,title,artist,lyric
0,"발라드, 국내드라마",내 손을 잡아,아이유,"느낌이 오잖아 

떨리고 있잖아

언제까지 눈치만 볼 거니

네 맘을 말해봐 

딴청 피우지 말란 말이야

네 맘 가는 그대로 

지금 내 손을 잡아

어서 내 손을 잡아

우연히 고개를 돌릴 때 마다

눈이 마주치는 건

며칠 밤 내내 꿈속에 나타나

밤새 나를 괴롭히는 건

그 많은 빈자리 중에서 하필

내 옆자릴 고르는 건

나도 모르게 어느새 실없는 웃음

흘리고 있다는 건

그럼 말 다했지 뭐

우리 얘기 좀 할까

느낌이 오잖아 떨리고 있잖아

언제까지 눈치만 볼 거니

네 맘을 말해봐 

딴청 피우지 말란 말이야

네 맘 가는 그대로 

지금 내 손을 잡아

핸드폰 진동에 

심장이 덜컥내려 앉는다는 건

오 나도 모르게 

어느새 짓궂은 네 말투

자꾸 듣고 싶은걸

어떡해

저기 멀리 걸어온다

눈이 마주친다

언제까지 넌 모른척 할거니

사랑이 온거야 너와 나 말이야

네가 좋아 정말 못 견딜 만큼

그거면 된거야 

더는 생각하지 말란 말이야

네 맘 가는 그대로

느낌이 오잖아 떨리고 있잖아

언제까지 눈치만 볼 거니

네 맘을 말해봐 

딴청 피우지 말란 말이야

네 맘 가는 그대로 

지금 내 손을 잡아

그냥 내 손을 잡아

지금 내 손을 잡아



	"
1,발라드,Timeless,SG 워너비,"어쩜 살아가다 보면
한 번은 날 찾을지 몰라
난 그 기대 하나로
오늘도 힘겹게 버틴 걸
난 참 기억력도 좋지 않은데
왜 너에 관한 건
그 사소한 추억들까지도 생각이 나는지
너를 잊을 순 없지만 붙잡고 싶지만
이별 앞에서 할 수 있는 건
좋은 기억이라도 남도록
편히 보내주는 일
혼자 남아도 괜찮아 가도 괜찮아
세상에 제일 자신있는 건
내가 언제나 그래왔듯이
너를 기다리는 일
I don&#39;t wanna say goodbye
어쩜 살아가다보면
한 번은 날 찾을지 몰라
난 그 기대 하나로
오늘도 힘겹게 버틴 걸
부디 하루 빨리 좋은 사람과
행복하길 바래
그래야만 내 마음 속에서
널 보낼 것 같아
너를 잊을 순 없지만 붙잡고 싶지만
이별 앞에서 할 수 있는 건
좋은 기억이라도 남도록
편히 보내주는 일
이젠 멀어져 가지만 잠시였지만
태어나 처음 잘한 듯한 건
내겐 아무리 생각해봐도
너를 사랑했던 일
서로가 하나씩 이별의 선물을
나눠간 거잖아
난 마음을 준 대신
넌 내게 추억을 준 거야
다시 또 나를 살아가게 할 거야
Never Ending Never Falling
Never Mind My Girl
날 아프게 했지만 울게 했지만
이것 하나만큼은 고마워
눈 감는 그날 내가 가져갈
추억 만들어줘서
"
2,"발라드, 국내영화",희재,성시경,"햇살은 우릴 위해 내리고 
바람도 서롤 감싸게 했죠 
우리 웃음속에
계절은 오고 또 갔죠
바람에 흔들리는 머릿결 
내게 불어오는 그대 향기 
예쁜 두 눈도 웃음 소리도 
모두가 내 것이었죠
이런 사랑 이런 행복 쉽다 했었죠
이런 웃음 이런 축복
내게 쉽게 올리 없죠
눈물조차 울음조차
닦지 못한 나
정말로 울면
내가 그댈 보내준 것 같아서
그대 떠나가는 그 순간도 
나를 걱정했었나요 
무엇도 해줄 수 없는
내 맘 앞에서
그댄 나를 떠나간다 해도
난 그댈 보낸 적 없죠
여전히 그댄 나를 살게 하는 
이율테니 
이런 사랑 이런 행복 쉽다 했었죠 
이런 웃음 이런 축복
내게 쉽게 올리 없죠
눈물조차 울음조차 닦지 못한 나
정말로 울면
내가 그댈 보내준 것 같아서
그대 떠나가는 그 순간도 
나를 걱정했었나요 
무엇도 해줄 수 없는 내 맘 앞에서 
그댄 나를 떠나간다 해도 
난 그댈 보낸 적 없죠
기다림으로 다시 시작일테니 
얼마나 사랑했는지
얼마나 또 울었는지
그대여 한순간 조차 잊지 말아요 
거기 떠나간 그 곳에서
날 기억하며 기다려요
하루씩 그대에게
다가가는 나 일테니
"
3,발라드,거리에서,성시경,"니가 없는 거리에는

내가 할일이 없어서

마냥 걷다 걷다보면

추억을 가끔 마주치지

떠오르는 너의 모습

내 살아나는

그리움 한번에

참 잊기 힘든 사람이란걸

또 한번 느껴지는 하루

어디쯤에 머무는지

또 어떻게 살아가는지

걷다보면 누가

말해줄 것 같아

이 거리가 익숙했던

우리 발걸음이 나란했던

그리운 날들

오늘밤 나를 찾아온다

널 그리는 널 부르는 내 하루는

애태워도 마주친

추억이 반가워

날 부르는 목소리에 돌아보면

텅빈 거리 어느새

수많은 니모습만 가득해



막다른길 다다라서

낯익은 벽 기대보며

가로등 속 환히 비춰지는

고백하는 니가 보여

떠오르는 그때모습

내 살아나는 설레임

한번에 참 잊기 힘든

순간이란 걸

또 한번 느껴지는 하루

아직 나를 생각할지

또 그녀도 나를 찾을지

걷다보면 누가 말해줄 것 같아

이 거리가 익숙했던

우리 발걸음이 나란했던

그리운 날들

오늘밤 나를 찾아온다

널 그리는 널 부르는 내 하루는

애태워도 마주친

추억이 반가워

날 부르는 목소리에 돌아보면

텅빈 거리 어느새

수 많은 니 모습만 가득

부풀은 내 가슴이

밤 하늘에 외쳐본다

이 거리는 널 기다린다고



널 그리는 널 부르는 내 하루는

애태워도 마주친

추억이 반가워

날 부르는 목소리에 돌아보며

텅빈거리 어느새

수 많은 니 모습만 가득해

 



	"
4,발라드,라라라,SG 워너비,"그대는 참 아름다워요
밤 하늘의 별빛보다 빛나요
지친 나의 마음을 따뜻하게 감싸줄
그대 품이 나의 집이죠
세찬 바람 앞에서
꺼질듯한 내 사랑도
잘 참고서 이겨내줬어요
정말 눈물나도록 고마운 맘 아나요
그대 내곁에 살아줘서
사랑해요 사랑해요
내가 그대에게 부족한걸 알지만
세월을 걷다보면 지칠때도 있지만 
그대의 쉴곳이 되리라
사랑해요 고마운 내 사랑
평생 그대만을 위해 부를 이노래
사랑 노래 함께 불러요
둘이서 라라라
그대 쳐진 어깨가 내맘을 아프게해요
잘 해준것도 없는 나라서
그대의 고운 손이 세월에 변했어요
못지켜줘서 미안해요
사랑해요 사랑해요
내가 그대에게 부족한걸 알지만
세월을 걷다보면 지칠때도 있지만
그대의 쉴곳이 되리라
사랑해요 고마운 내 사랑
평생 그대만을 위해 부를 이노래
사랑노래 함께 불러요
둘이서 라라라
고마워요 고마워요
그대 자신보다 나를 아껴준 사랑
세상이 등 돌려도 누가 뭐라고 해도
내가 그대 지켜줄게요
사랑해요 소중한 내사랑
평생 그대만을 위해 부를 이노래
사랑노래 함께 불러요
둘이서 라라라
그대 품이 나의 집이죠 영원히 라라라
"
5,발라드,봄 사랑 벚꽃 말고,"아이유, HIGH4","길었던 겨우내 줄곧 품이 좀 남는
밤색 코트
그 속에 나를 쏙 감추고 걸음을
재촉해 걸었어
그런데 사람들 말이 너만 아직도
왜 그러니
그제서야 둘러보니 어느새 봄이
손 잡고 걸을 사람 하나 없는 내게
달콤한 봄바람이 너무해
나만 빼고 다 사랑에 빠져
봄노래를 부르고
꽃잎이 피어나 눈 앞에 살랑거려도
난 다른 얘기가 듣고 싶어
한바탕 휩쓸고 지나가버릴
오오 봄 사랑 벚꽃 말고
봄 사랑 벚꽃 말고
봄 사랑 벚꽃 말고
봄 사랑 벚꽃 말고
손에 닿지도 않을 말로
날 꿈틀거리게 하지 말어
맘 먹고 밖에 나가도
막상 뭐 별 거 있나
손 잡고 걸을 사람 하나 없는 내게
오 사랑노래들이 너무해
나만 빼고 다 사랑에 빠져
봄노래를 부르고
꽃잎이 피어나 눈 앞에 살랑거려도
난 다른 얘기가 듣고 싶어
한바탕 휩쓸고 지나가버릴
오오 봄 사랑 벚꽃 말고
남들보다 절실한 사랑 노래 가사를
불러 봐
수많은 연인들 가운데 왜 나는
혼자만
똑같은 거리와 어제와 같은 옷차림
난 제자린데 왜 세상은 변한 것만
같지
누군가와 봄길을 거닐고 할 필욘
없지만
누구나 한번쯤은 머물고 싶은 그런
기억을
만들고 싶어 떨어지는 벚꽃잎도
엔딩이 아닌 봄의 시작이듯
사실은 요즘 옛날 생각이 나
걷기만 해도 그리워지니까
다시 느낄 수 있나 궁금해지지만
Then you know what
나만 빼고 다 사랑에 빠져
봄노래를 부르고
꽃잎이 피어나 눈 앞에 살랑거려도
난 다른 얘기가 듣고 싶어
한바탕 휩쓸고 지나가버릴
오오 봄 사랑 벚꽃 말고
봄 사랑 벚꽃 말고
봄 사랑 벚꽃 말고
봄 사랑 벚꽃 말고
봄 사랑 벚꽃 말고
"
6,발라드,광화문에서 (At Gwanghwamun),규현 (KYUHYUN),"넌 어땠는지 아직 여름이 남아
왠지 난 조금 지쳤던 하루
광화문 가로수 은행잎 물들 때
그제야 고갤 들었었나 봐
눈이 부시게 반짝이던 우리 둘은
이미 남이 되었잖아
네 품 안에서 세상이 내 것이었던
철없던 시절은 안녕
오늘 바보처럼 그 자리에 서 있는
거야
비가 내리면 흠뻑 젖으며
오지 않는 너를 기다려
나는 행복했어
그 손 잡고 걷던 기억에 또 뒤돌아
봐
네가 서 있을까 봐
난 모르겠어 세상 살아가는 게
늘 다른 누굴 찾는 일 인지
커피 향 가득한 이 길 찾아오며
그제야 조금 웃었던 나야
처음이었어 그토록 날 떨리게 한
사람은 너 뿐이잖아
누구보다 더 사랑스럽던 네가 왜
내게서 떠나갔는지
오늘 바보처럼 그 자리에 서 있는
거야
비가 내리면 흠뻑 젖으며
오지 않는 너를 기다려
나는 행복했어
그 손 잡고 걷던 기억에 또 뒤돌아
봐
네가 서 있을까 봐
그 자리에서 매일 알아가
조금씩 변해가는 내 모습은
먼 훗날엔 그저 웃어줘
난 행복해
오늘 여긴 그 때처럼 아름다우니
괜히 바보처럼 이 자리에 서 있는
거야
비가 내리면 흠뻑 젖으며
오지 않는 너를 기다려
나는 행복했어
광화문 이 길을 다시 한번 뒤돌아 봐
네가 서 있을까 봐
"
7,발라드,사랑의 인사,씨야,"비내리는 거릴 좋아 했었죠 
우산없이 나와 함께 걸었죠 
다시 내리는 비에 그대 생각나 
눈물날 것 같은데 
둘이 걷다보면 나를 위해서 
습관처럼 왼쪽 편에 세웠죠 
내 여자라고 
내가 지켜야 한다고 
버릇처럼 말했죠 
좋은 사람 꼭 만날 거라 했는데 
그 약속 지키지 못할 것 같아 
내겐 그대가 하나뿐이라 
다른 사랑 못할 것 같아요 
이제는 나를 찾아오지 말라고 
가슴에 멍드는 말을 하고서 
지나가는 발소리 그대이기를 
원하고 또 원하죠 
 
가끔 그대 어깨 기대 잠들면 
아무 말도 없이 안아주었죠 
고마웠다고 이젠 말할수 있는데 
그댄 어디 있나요 
좋은 사람 꼭 만날 거라 했는데 
그 약속 지키지 못할 것 같아 
내겐 그대가 하나뿐이라 
다른 사랑 못할 것 같아요 
이제는 나를 찾아오지 말라고 
가슴에 멍드는 말을 하고서 
지나가는 발소리 그대이기를 
원하고 또 원하죠 
보고파 소리쳐봐도 
그리워 불러도 
닿을 수가 없는 그댄가봐 
이젠 나를 잊었나봐 
 
그대가 못난 바보라고 할까봐 
내 사랑 너무나 아낀 것 같아 
괜한 자존심 하나 때문에 
사랑한단 말도 못했어요 
못잊어 그립다는 말도 못하고 
그대가 나를 또 찾지 않을까 
지나가는 발소리 그대이기를 
원하고 또 원하죠 
 
"
8,발라드,금요일에 만나요 (Feat. 장이정 Of HISTORY),아이유,"월요일엔 아마 바쁘지 않을까 
화요일도 성급해 보이지 안 그래 
수요일은 뭔가 어정쩡한 느낌 
목요일은 그냥 내가 왠지 싫어 
우 이번 주 금요일 
우 금요일에 시간 어때요 
주말까지 기다리긴 힘들어 
시간아 달려라 시계를  
더 보채고 싶지만  
mind control 
일분 일초가 달콤해 
이 남자 도대체 뭐야 
사랑에 빠지지 않곤 못 배기겠어 
온 종일 내 맘은 저기  
시계바늘 위에 올라타 
한 칸씩 그대에게 더 가까이 
우 이번 주 금요일 
우 금요일에 시간 어때요 
딱히 보고 싶은 영화는 없지만 
딱히 먹고 싶은 메뉴는 없지만 
주말까지 기다리긴 힘들어 
시간아 달려라 시계를  
더 보채고 싶지만  
mind control 
일분 일초가 달콤해 
이 남자 도대체 뭐야 
사랑에 빠지지 않곤  
못 배기겠어 
온 종일 내 맘은 저기  
시계바늘 위에 올라타 
한 칸씩 그대에게 더 가까이 
나 뭔가에 홀린 것 같아 
이 여잔 도대체 뭐야 
사랑해주지 않고는 못 배기겠어 
돌아오는 이번 주  
금요일에 만나요 
그 날 내 맘을 더 가져가줘요
더 가까이 더 가까이 와요  
더 가까이 
"
9,발라드,살다가,SG 워너비,"살아도 사는 게 아니래
너 없는 하늘에
창 없는 감옥 같아서
웃어도 웃는 게 아니래
초라해 보이고
우는 것 같아 보인대
사랑해도 말 못 했던 나
내색조차 할 수 없던 나
나 잠이 드는 순간조차
그리웠었지
살다가 살다가 살다가 너 힘들 때
나로 인한 슬픔으로
후련할 때까지
울다가 울다가 울다가 너 지칠 때
정 힘들면 단 한 번만 기억하겠니
살다가
웃어도 웃는 게 아니래
초라해 보이고
우는 것 같아 보인대
사랑해도 말 못 했던 나
내색조차 할 수 없던 나
나 잠이 드는 순간조차
그리웠었지
살다가 살다가 살다가 너 힘들 때
나로 인한 슬픔으로
후련할 때까지
울다가 울다가 울다가 너 지칠 때
정 힘들면 단 한 번만 기억하겠니
우린 마지못해 웃는 거겠지
우린 마지못해 살아가겠지
내 곁에 있어도 나의 곁에 있어도
눈물나니까
살다가 살다가 살다가 너 힘들 때
나로 인한 슬픔으로
후련할 때까지
태워도 태워도 태워도 남았다면
남김없이 태워도 돼
후련할 때까지
나 살다가
나 살다가
"
10,발라드,너의 의미 (Feat. 김창완),아이유,"너의 그 한 마디 말도 그 웃음도 
나에겐 커다란 의미 
너의 그 작은 눈빛도 
쓸쓸한 그 뒷모습도 나에겐 힘겨운 
약속 
너의 모든 것은 내게로 와 
풀리지 않는 수수께끼가 되네 
슬픔은 간이역의 코스모스로 피고 
스쳐 불어온 넌 향긋한 바람 
나 이제 뭉게구름 위에 성을 짓고 
널 향해 창을 내리 바람 드는 창을 
너의 그 한 마디 말도 그 웃음도 
나에겐 커다란 의미 
너의 그 작은 눈빛도 
쓸쓸한 그 뒷모습도 나에겐 힘겨운 
약속 
너의 모든 것은 내게로 와 
풀리지 않는 수수께끼가 되네 
슬픔은 간이역의 코스모스로 피고 
스쳐 불어온 넌 향긋한 바람 
나 이제 뭉게구름 위에 성을 짓고 
널 향해 창을 내리 바람 드는 창을 
슬픔은 간이역의 코스모스로 피고 
스쳐 불어온 넌 향긋한 바람 
나 이제 뭉게구름 위에 성을 짓고 
널 향해 창을 내리 바람 드는 창을 
너의 그 한 마디 말도 그 웃음도 
나에겐 커다란 의미
너의 그 작은 눈빛도
쓸쓸한 그 뒷모습도 나에겐 힘겨운
약속
"
11,발라드,All For You,"서인국, 정은지 (에이핑크)","all for you  
벌써 며칠째 전화도 없는 너 
얼마 후면 나의 생일이란 걸 아는지 
눈치도 없이 시간은 자꾸만 흘러가고 
난 미움보다 걱정스런 맘에 
무작정 찾아간 너의 골목 어귀에서 
생각지 못한 웃으며  
반기는 너를 봤어 
사실은 말야 나 많이 고민했어 
네게 아무것도 해줄 수 없는걸 
아주 많이 모자라도 가진 것 없어도 
이런 나라도 받아 줄래 
너를 위해서 너만을 위해서 
난 세상 모든 걸  
다 안겨 주지는 못하지만 
난 너에게만 이제 약속할게 
오직 너를 위한 내가 될게 
Is only for you 
just wanna be for you 
넌 그렇게 지금 모습 그대로  
내 곁에 있으면 돼 
난 다시 태어나도  
영원히 너만 바라볼게
넌 모르지만 조금은 힘들었어 
네게 어울리는 사람이 나인지 
그건 내가 아니라도 다른 누구라도 
이젠 그런 마음 버릴래 
너를 위해서 너만을 위해서 
난 세상 모든 걸  
다 안겨 주지는 못하지만 
난 너에게만 이제 약속할게 
오직 너를 위한 내가 될게 
Is only for you  
just wanna be for you 
넌 그렇게 지금 모습 그대로  
내 곁에 있으면 돼 
난 다시 태어나도  
영원히 너만 바라볼게 
love 내 작은 맘속을 
oh love 네 향기로 채울래 
그 속에 영원히 갇혀 버린 데도 
난 행복 할 수 있도록 
너를 위해서 너를 위해서 
너만을 위해서 
난 세상 모든 걸  
다 안겨 주지는 못하지만 
난 너에게만 이제 약속할게 
오직 너를 위한 내가 될게 
Is only for you  
just wanna be for you
넌 그렇게 지금 모습 그대로 
내 곁에 있으면 돼
난 다시 태어나도 
영원히 너만 바라볼게
"
12,발라드,크리스마스니까,"박효신, 성시경, 이석훈, 서인국, 빅스","오늘은 뭔가 좀 다른 기분 Feeling 
이젠 때가 된 것 같은 느낌 Love U 
하늘에선 마침 눈이 내려 
Now It's Falling 
뭔가 잘 될 것 같은 예감 
하얀 거리마다 
행복해 보이는 연인들 
니 맘은 어떤지 내 맘과 같은지 
우리 시작해볼까 
오늘은 괜찮을까요 
내 맘이 전해질까요 
내리는 하얀 눈처럼 
너에게 닿을까요 
숨겨왔던 내 맘 전부 고백할게요 
바로 오늘 크리스마스이니까 
사실 그대도 
조금은 기댈 했잖아요 
못 이기는 척 웃는 너 
그런 니가 사랑스러워 
오늘은 괜찮을까요 
내 맘이 전해질까요 
내리는 하얀 눈처럼 
너에게 닿을까요 
숨겨왔던 내 맘 전부 고백할게요 
바로 오늘 크리스마스 
많은 사람들 속에
너만 내 눈에 보여
의상 좋고 머리도 괜찮고
얼굴 상태 나쁘지 않아
오늘만 기다렸단 말야
눈치껏 눈도 내린단 말야
또박또박 연습한 멘트
뚜벅뚜벅 걷는 발걸음이
벌써 네 앞에 도착했어
올해 크리스마스 선물은 나야
귀요미 루돌프 남
오늘이야 메리 크리스마스
조금만 더 용길 낼게
이 순간이 지나버리면
널 놓칠지 몰라
진심이 더 진심처럼 느껴지는 게
바로 오늘 크리스마스이니까
너와 나 영원히
Christmas Love
"
13,발라드,기다리다,윤하 (YOUNHA),"어쩌다 그댈 사랑하게 된 거죠
어떻게 이렇게 아플 수 있죠 
한번 누구도 이처럼 원한 적 없죠 
그립다고 천 번쯤
말해보면 닿을까요 
울어보고 떼쓰면 그댄 내 맘 알까요 
그 이름 만 번쯤 미워해볼까요 
서운한 일들만 손꼽을까요 
이미 사랑은 너무 커져 있는데
그댄 내가 아니니 
내 맘 같을 수 없겠죠 
그래요 내가 더 많이 좋아한 거죠
아홉 번 내 마음 다쳐도
한번 웃는 게 좋아
그대 곁이면 행복한 나라서 
싫은 표정 한번 조차도 
편히 지은 적 없죠
그대 말이면 뭐든 다 할 듯 했었죠
천년 같은 긴 기다림도
그댈 보는 게 좋아
하루 한 달을 그렇게 일년을
오지 않을 그댈 알면서
또 하염없이 뒤척이며 
기다리다 기다리다 잠들죠
나 언제쯤 그댈 편하게 볼까요 
언제쯤 이 욕심 다 버릴까요 
그대 모든 게 알고 싶은 나인데
언제부터 내 안에
숨은 듯이 살았나요
꺼낼 수 조차 없는 깊은 가시가 되어
아홉 번 내 마음 다쳐도
한번 웃는 게 좋아
그대 곁이면 행복한 나라서
싫은 표정 한번 조차도 
편히 지은 적 없죠
그대 말이면 뭐든 다 할 듯 했었죠
천년 같은 긴 기다림도
그댈 보는 게 좋아
하루 한 달을 그렇게 일년을
오지 않을 그댈 알면서
또 하염없이 뒤척이며
기다리다 기다리다 잠들죠
그댈 위해 아끼고 싶어
누구도 줄 수 없죠
나는 그대만 그대가 아니면
혼자인 게 더 편한 나라
또 어제처럼 이곳에서
기다리고 기다리는
나예요
"
14,발라드,내게 오는 길,성시경,"지금 곁에서 딴 생각에 잠겨 
걷고 있는 그대 
설레는 마음에 몰래 
그대 모습 바라보면서 
내 안에 담아요 
사랑이겠죠 
또 다른 말로는 설명 할 수 없죠 
함께 걷는 이 길 
다시 추억으로 끝나지않게 
꼭 오늘처럼 지켜갈게요 
사랑한다는 그 말 아껴둘 걸 그랬죠 
이젠 어떻게 내 맘 표현해야 하나 
모든 것이 변해가도 
이 맘으로 그대 사랑할게요 
망설였나요
날 받아주기가 아직 힘든가요
그댈 떠난 사람
그만 잊으려고 애쓰지마요
나 그때까지 기다릴테니
사랑한다는 그 말 아껴둘 걸 그랬죠
이젠 어떻게 내 맘 표현해야 하나
모든 것이 변해가도
이 맘으로 그대 사랑할게요
눈물이 또 남아있다면 모두 흘려버려요
이 좋은 하늘 아래 우리만 남도록
사랑할 수 있나요 내가 다가간만큼
이젠 내게 와줘요 내게 기댄 마음
사랑이 아니라해도 괜찮아요
그댈 볼 수 있으니
괜찮아요 내가 사랑할테니
"
15,발라드,이 소설의 끝을 다시 써보려 해,한동근,"시계가 반대로 돌아가고 있어
TV속 영화가 되감아지고 있어
내렸던 빗물이 올라가고 있어
잊었던 기억이 돌아오고 있어
도로 위에 차들이 
반대로 달리고
온 세상의 모든 게 다 
거꾸로 움직여
지금 나는 계속 반대로 
뒷걸음질 치며
그날의 너에게 돌아가고 있어
운명 같은 만남 너무 아픈 결말
난 이 소설의 끝을 
다시 써보려 해
내 한 권의 사랑 마지막 장면엔
니가 있어야 해 
그래야 말이 되니까
한 장씩 한 장씩 뒤로 넘겨 지며
아팠던 일기가 지워지고 있어
가루 낸 사진이 모여들고 있어
버렸던 미련이 돌아오고 있어
삼켰던 내 눈물이 
다시 뱉어지고
뱉었던 그 모진 말은 
다시 삼켜지고
지금 나는 계속 반대로 
뒷걸음질 치며
그날의 너에게 돌아가고 있어
운명 같은 만남 너무 아픈 결말
난 이 소설의 끝을 다시 써보려 해
내 한 권의 사랑 마지막 장면엔
니가 있어야 해 그래야 말이 돼
여기야 우리가 이별한 
그 슬픈 페이지
내 앞에서 니가 서서 울고 있어
너에게 묻고 싶어 너만 괜찮다면
난 이 소설의 끝을 다시 써보려 해
내 한 권의 사랑 마지막 장면엔
니가 있어야 해 
그래야 말이 되니까
"
16,발라드,그녀를 사랑해줘요,하동균,"잠깐 기다려줄래 
지금 데리러 갈게 
왜 자꾸 울기만 하니 
말해 말해 어디에 있니 
니가 사랑하는 사람이 
너를 두고 간 거니 
집으로 데려다 줄게 
가자 가자 바람이 차가우니까 
너를 울리는 그 사람이 
뭐가 그렇게 좋으니 
너는 모르지 너만 모르지 
너를 사랑하는 내 맘을 
걸음이 느린 내가 
먼저 가지 못해서 
내 자릴 뺏긴 아픈 사랑을 
너의 웃는 모습이 
누구 보다 예쁜지 
그 사람 알기나 하니 
정말 정말 알고도 너를 울리니 
이름 모르는 당신에게 
부탁 하나만 하는데 
사랑해줘요 사랑해줘요 
내가 사랑하는 그녀를 
당신이 나 대신에 가진 
나의 그녀를 
함부로 다룰 생각하면 안 돼요  
사랑해줘요 
내 마음도 몰라주는 그녀를 
그녀가 사랑하는 사람 
당신이니까 
나 보다 많이 사랑해줘요 
다시는 울리지는 말아요 
"
17,"발라드, 국내드라마",소녀,오혁,"내 곁에만 머물러요 떠나면 안돼요
그리움 두고 머나먼 길
그대 무지개를 찾아올 순 없어요
노을 진 창가에 앉아
멀리 떠가는 구름을 보면
찾고 싶은 옛 생각들 하늘에 그려요
음 불어오는 차가운 바람 속에
그대 외로워 울지만
나 항상 그대 곁에 머물겠어요
떠나지 않아요
노을 진 창가에 앉아
멀리 떠가는 구름을 보면
찾고 싶은 옛 생각들 하늘에 그려요
음 불어오는 차가운 바람 속에
그대 외로워 울지만
나 항상 그대 곁에 머물겠어요
떠나지 않아요
내 곁에만 머물러요 떠나면 안돼요
"
18,발라드,다시 사랑한다 말할까,김동률,"마치 어제 만난 것처럼 
잘있었냔 인사가 무색할 만큼 
괜한 우려였는지 
서먹한 내가 되려 어색했을까 
어제 나의 전활 받고서 
밤새 한숨도 못 자 엉망이라며 
수줍게 웃는 얼굴 
어쩌면 이렇게도 그대로일까 
그땐 우리 너무 어렸었다며 
지난 얘기들로 웃음짓다가 
아직 혼자라는 너의 그 말에 
불쑥 나도 몰래 가슴이 시려 
다시 사랑한다 말할까 
조금 멀리 돌아왔지만
기다려왔다고 
널 기다리는게
나에게 제일 쉬운 일이라 
시간이 가는 줄 몰랐다고 
다시 사랑한다 말할까 
여전히 난 부족하지만
받아주겠냐고 
널 사랑하는게
내삶에 전부라 
어쩔 수 없다고 말야 
그땐 사랑인줄 몰랐었다며 
가끔 내 소식을 들을때마다 
항상 미안했단 너의 그 말에 
불쑥 나도 몰래 눈물이 흘러 
다시 사랑한다 말할까 
언젠가는 내게 돌아올
운명이었다고 
널 잊는다는 게 
나에게 제일 힘든 일이라 
생각 조차 할 수 없었다고 
다시 사랑한다 말할까 
좋은 친구처럼
편하게 받아주겠냐고 
다시 태어나도
널 사랑하는게 
내 삶에 이유란 말야 
다시 사랑한다 말할까 
조금 멀리 돌아왔지만
기다려왔다고 
널 기다리는게 
나에겐 제일 쉬운 일이라 
시간이 가는 줄 몰랐다고 
다시 사랑한다 말할까 
여전히 난 부족하지만 
받아주겠냐고 
널 사랑하는게
내삶에 전부라
"
19,"발라드, 국내드라마",걱정말아요 그대,이적,"그대여 아무 걱정 하지 말아요
우리 함께 노래 합시다
그대 아픈 기억들 모두 그대여
그대 가슴에 깊이 묻어 버리고 
지나간 것은 지나간 대로
그런 의미가 있죠
떠난 이에게 노래 하세요
후회없이 사랑했노라 말해요
그대는 너무 힘든 일이 많았죠
새로움을 잃어 버렸죠
그대 슬픈 얘기들 모두 그대여 
그대 탓으로 훌훌 털어 버리고
지나간 것은 지나간 대로
그런 의미가 있죠
우리 다 함께 노래 합시다
후회없이 꿈을 꾸었다 말해요
지나간 것은 지나간 대로
그런 의미가 있죠
우리 다 함께 노래 합시다
후회없이 꿈을 꾸었다 말해요
지나간 것은 지나간 대로
그런 의미가 있죠
우리 다 함께 노래 합시다
후회없이 꿈을 꾸었다 말해요
새로운 꿈을 꾸겠다 말해요
"
20,발라드,저녁 하늘,에일리,"어떤 날에든 저녁 하늘은
못 올려보는 습관이 있어
온 세상이 날 떠나는듯한
이상한 그 기분이 싫어
멀리 떨어지는 저 해는
내일 다시 올텐데
나를 비춰줬던 햇살은
아닐 것 같아
니가 가도 사랑은 다시 오고
소란스런 이별을 겪어봐도
이렇게 너는 너는 너는
자꾸 맘에 걸려
가끔씩은 좋아서 웃긴 하고
더 가끔씩은 행복의 맛을 봐도
아직도 너는 너는 너는
Deep in me
누군가에게 맘을 줄 때면
반을 남기는 습관이 있어
다 줘버리면 떠날 것 같은
이상한 그 예감이 싫어
반쯤 아껴둔 이 맘
누구 줄 수 조차 없는데
반쯤 고장나버린 나를
들키긴 싫어
니가 가도 사랑은 다시 오고
소란스런 이별을 겪어봐도
이렇게 너는 너는 너는
자꾸 맘에 걸려
가끔씩은 좋아서 웃긴 하고
더 가끔씩은 행복의 맛을 봐도
아직도 너는 너는 너는
Deep in me
너의 맘은 어디쯤일까
나를 맴돈 적은 있을까
나처럼 아주 가끔
시간이라는 게
다 지우지는 못 하나봐
아직도 네 이름은
편히 말하질 못해
니가 아닌 누군가 나를 안고
내가 아닌 누군가 너를 안고
이렇게 오래 오래 오래
나날들이 가도
하지 못한 말들이 입에 남아
다 주지 못한 사랑이 맘에 남아
어쩌면 너는 너는 너는
Still in me
"
21,발라드,죄와벌,SG 워너비,"너무나 사랑한게 죄였나봐
떠날까봐 널 가뒀으니
내게만 보여줬던 니 모습은
혼자 숨겨두고 싶었어
달콤한 독이 되어 퍼져버린
너에 대한 내 미련들이
가녀린 내 사랑을 헤쳐갔어
내게서 널 뺏어간거야
이젠 보낼게 널 놓아줄게 
내가 없는게 더 행복한 너라면
못난 내사랑도 못된 미련도
난 혼자 남아 지워갈게
차츰 넌 향기 없는 꽃이 되어
원망하듯 시들어갔어
미안해 내 사랑이 서툴러서
너를 다치게 했었나봐
이젠 보낼게 널 놓아줄게 
내가 없는게 더 행복한 너라면
못난 내사랑도 못된 미련도
난 혼자 남아 지워갈게
행복해도돼 꼭 그래야해
그것만 믿고 널 보내는 나니까
마지막 인사로 이 말만 해줘
조금은 사랑했었다고
아픈 가슴을 치며 그리워져도
널 찾지는 않을거야
마지막 인사로 이 말만 해줘
조금은 사랑했었다고
이젠 보낼게 널 놓아줄게
내가 없는게 더 행복한 너라면
못난 내사랑도 못된 미련도
난 혼자남아 지워갈게
행복해도돼 꼭 그래야해
그것만 믿고 널 보내는 나니까
마지막 인사로 이 말만 해줘
조금은 사랑했었다고
나 혼자 남아 지워갈게
"
22,"발라드, 국내드라마","묘해, 너와",어쿠스틱 콜라보,"니 생각에 꽤 즐겁고 
니 생각에 퍽 외로워 
이상한 일이야  
누굴 좋아한단 건 
아무 일도 없는 저녁 
집 앞을 걷다  
밤 공기가 좋아서 
뜬금없이 이렇게  
니가 보고 싶어
참 묘한 일이야 사랑은 
좋아서 그립고  
그리워서 외로워져 
이게 다 무슨 일일까 
내 맘이 내 맘이 아닌걸 
이제와 어떡해  
모든 시간 모든 공간 
내 주위엔 온통  
너뿐인 것 같아 묘해 
보고 싶어 신기하고 
신기해서 보고 싶고 
그러다 한 순간  
미친 듯 불안하고 
아무렇지도 않은데 
햇살에 울컥  
눈물이 날 것 같고 
그러다가 니 전화  
한 통에 다 낫고 
참 묘한 일이야 사랑은 
아파서 고맙고  
고마워서 대견해져 
이게 다 무슨 일일까 
이 길이 그 길이 아닌걸 
모르고 떠나온  
여행처럼 낯설지만 
그래서 한번 더  
가보고 싶어져 너와 
이렇게 너를 바라볼 때 
뭐랄까 나는  
행복한 채로 두려워져  
참 묘한 일이야 사랑은
좋아서 그립고 
그리워서 외로워져
이게 다 무슨 일일까
내 맘이 내 맘이 아닌걸
이제와 어떡해 
모든 시간 모든 공간
내 주위엔 온통 
너뿐인 것 같아 묘해
그래서 한번 더 
가보고 싶어져 너와
"
23,발라드,사랑 안해,백지영,"그럴려고 그랬어 돌아가려고 
너의 차가움엔 그래 다 이유 있었던거야 
나를 만지는 너의 손길 없어진 
이제야 깨닫게 되었어 네맘 떠나간 것을 
 
설마하는 그런 미련 때문에 
그래도 나는 나를 위로해 
나 이제 이러는 내가 더 가여워 
이제라도 널 지울꺼야 기억의 모두를 
 
이제 다시 사랑안해 말하는 난 너와 같은 사람 
다시 만날 수가 없어서 사랑할 수 없어서 
바보처럼 사랑 안해 말하는 널 사랑한다 
나를 잊길바래 나를 지워줘 
 
바보처럼 몰랐어 너희 두 사람 
아직 기억하려던 그건 그래 다 욕심이야 
다짐했건만 매일 아침 눈을 떠 
지나간 너에게 기도해 나를 잊지 말라고 
 
제발 지금 내가 바라는 하나 
내 얘길 너무 쉽게 하진마 
차라리 나를 모른다고 말해줘 
시간지나 알게 될꺼야 내 사랑의 가치를 
 
이제 다시 사랑안해 
말하는 난 너와 같은 사람 
다시 만날 수가 없어서 사랑할 수 없어서 
바보처럼 사랑안해 말하는 널 사랑한다 
나를 잊길 바래 나를 지워줘 
 
내가 없는 내가 아닌 그 자리에 사랑 채우지마 
혹시 만날 수가 있다면 사랑 할 수 있다면 
아프잖아 사랑한 널 지켜보며 사랑한단 
그 말 한마디를 하지 못해서 
 
"
24,발라드,소주 한 잔,임창정,"술이 한 잔 생각나는 밤 같이
있는 것 같아요 
그 좋았던 시절들 이젠 모두 
한숨만 되네요 
떠나는 그대 얼굴이 혹시 
울지나 않을까 
나 먼저 돌아섰죠 그때부터 
그리워요 
사람이 변하는 걸요 다시 
전보다 그댈 원해요 
이렇게 취할때면 꺼져버린 
전화를 붙잡고 
여보세요 나야 거기 잘 지내니 
여보세요 왜 말 안하니 
울고 있니 내가 오랜만이라서 
사랑하는 사람이라서 
그대 소중한 마음 밀쳐낸 
이기적인 그때의 나에게 
그대를 다시 불러오라고 
미친듯이 외쳤어 
떠나는 그대 얼굴이 마치 
처음과 같아서 
나 눈물이 났어요 그때부터 
그리워요 
사람이 변하는 걸요 다시 
전보다 그댈 원해요 
이렇게 취할때면 바뀌어버린 
전화번홀 누르고  
여보세요 나야 거기 잘 지내니 
오랜만이야 내 사랑아 
그대를 다시 불러오라고 
미친듯이 울었어 우 
여보세요 나야 정말 미안해 
이기적인 그때의 나에게 
그대를 다시 불러오라고 
미친듯이 외쳤어 
"
25,발라드,못해 (Feat. 美),포맨 (4MEN),"이제는 밥을 먹어도
눈물 없이는 삼키지 못해
억지로 먹고 먹어도 속이 늘 허전해
노랠 들어도 흥얼대지도 못해
영화를 봐도
내가 뭘 본 건 지 기억 못해
밥도 잘 먹지 못해 니가 생각날까봐
니 생각에 체할까봐
니가 떠난 후로 오늘도
눈물로 하루를 먹고 살아
버스도 타지 못해 누가 날 욕할까봐
우는 날 놀려댈까봐
아무 것도 못해
너 없인 나 혼자 살지 못해
이제는 술을 마셔도
눈물 없이는 마시지 못해
아무리 병을 비워도 너만 더 생각해
살아서 뭐해 넌 내 곁에 없는데
혼자 뭘 어째
아무것도 할 수 없는 난데
밥도 잘 먹지 못해 니가 생각날까봐
니 생각에 체할까봐
니가 떠난 후로 오늘도
눈물로 하루를 먹고 살아
버스도 타지 못해 누가 날 욕할까봐 
우는 날 놀려댈까봐
아무것도 못해
너 없인 나 혼잔 살지 못해
너 없인 웃는 것도 난 못해
너 없인 걷는 것도 난 못해
아무 것도 아무 것도 못해
내겐 니 사랑이 필요해
혼자 살아서 뭐해 니가 더 잘 알잖아
너 없인 나 안 되잖아
너 밖에 몰라서 너 없인
밥조차 먹지 못하는 난데
차마 죽지도 못해 니가 돌아올까봐
언젠가 날 찾을까봐
아무 것도 못해
오늘도 내일도 너만 원해
"
26,발라드,안녕이라고 말하지마,다비치,"떨리는 너의 입술을 
난 난 처음 보았지
무슨 말 하려고 말 하려고 
뜸만 들이는지
슬픈 예감은 다 맞는단 
노래 가사처럼
설마 아니겠지 아닐 거야 
아니어야만 돼
벌써 넌 나를 떠나 니 마음마저 
떠나 또 몸마저도 떠나는데
난 몰라 널 잡을 방법을 좀 
누가 내게 말해줘요
오늘밤 그 말만은 말아요 
왜 날 버리고 갔나요
나 마음이 아파 가슴이 아파 
눈물 차올라요
아직은 안녕 우린 안돼요 
넌 그 입을 더 열지마
안녕이라고 내게 말하지마
차가운 너의 한마디가 날 주저앉혔지
세상 무너질 듯 무너진 듯 
눈물만 눈물만
지금 순간이 가면 이 순간이 
지나면 영영 우린 이별인데
사랑해 죽도록 사랑한 날 
날 버리지 말아줘요
오늘밤 그 말만은 말아요 
왜 날 버리고 갔나요
나 마음이 아파 가슴이 아파 
눈물 차올라요
아직은 안녕 우린 안돼요 
넌 그 입을 더 열지마
안녕이라고 내게 말하지마
이별이 뭔지 나는 몰라요 
그냥 서럽고 서러워
나 사연이 많아 추억이 많아 
가슴 찢어져요
아직은 안녕 우린 안돼요 
넌 그 입을 더 열지마
안녕이라고 내게 말하지마 
안녕이라고 내게 말하지마
"
27,발라드,오늘 헤어졌어요,윤하 (YOUNHA),"새하얀 머플러에 얼굴을 묻고
붉어진 눈을 깜빡이며 널 기다렸어
무슨 얘길 하고 픈지 그 말
알 것도 같은데 모르겠어
머쓱한 눈인사에 목이 메이고
한 발 물러 선
우리 둘 공간에 눈물 터지고
화가 나서 소리치듯 가란 내 말에
벌써 넌 아주 멀리 달아나 버렸어
오늘 헤어졌어요 우리 헤어졌어요
내 맘 알 것 같다면
옆에서 같이 울어줘요
나는 안되나봐요 역시 아닌가봐요
얼마나 더 울어야 제대로 사랑 할까요
귓가엔 심장소리 그대 울리고
지운 니 번호 지울수록
더욱 또렷 해지고
언제부터 어디부터 멀어진 건지
분명히 어제까진 날 사랑 했는데
오늘 헤어졌어요 우리 헤어졌어요
내 맘 알 것 같다면
옆에서 같이 울어줘요
나는 안되나봐요 역시 아닌가봐요
얼마나 더 울어야 제대로 사랑 할까요
참 좋았어 너무 좋아서 더 아프죠
사랑에 또 속은 내가 미워
그냥 나오지 말 걸 그냥 아프다 할 걸
우리 사랑한 기억
그게 널 붙잡아 줄 텐데
너는 내일을 살고 나는 오늘을 살아
아무도 아무것도 날 웃게할 수는 없어
오늘 헤어졌어요 우리 헤어졌어요
내 맘 알 것 같다면
옆에서 같이 울어줘요
나는 안되나봐요 역시 아닌가봐요
얼마나 더 울어야 제대로 사랑 할까요
"
28,발라드,끝사랑,김범수,"내가 이렇게 아픈데 
그댄 어떨까요
원래 떠나는 사람이 
더 힘든 법인데
아무 말하지 말아요 
그대 마음 알아요
간신히 참고 있는 날 
울게 하지 마요
이별은 시간을 멈추게 하니까
모든걸 빼앗고 추억만 주니까
아무리 웃어 보려고 
안간힘 써 봐도
밥 먹다가도 울겠지만
그대 오직 그대만이
내 첫사랑 내 끝사랑
지금부터 달라질 수 없는 
한 가지
그대만이 영원한 내 사랑
그대도 나처럼 잘못했었다면
그 곁에 머물기 수월했을까요
사랑해 떠난다는 말
과분하다는 말
코웃음 치던 나였지만
그대 오직 그대만이
내 첫사랑 내 끝사랑
지금부터 그대 
나를 잊고 살아도
그대만이 영원한 내 사랑
나는 다시는 사랑을
못할 것 같아요
그대가 아니면
"
29,발라드,또 다시 사랑,임창정,"아픔이 좀 더 작아질까
의미 없는 만남을 하다가
어느 날 그대가 흘린 눈물
왠지 나와 같다 느껴서
이렇게 그대를 지키는가 봐요
행복하고 싶었던 그대를
몰랐던 누군갈 또 알아가면서
분명 행복할 걸 알겠지만
내가 그대를 만났다는 건
어쩌면 흘러가는 흔한
인연이란 것 일지 모르지만
오늘도 다시 또 다시 사랑해요
사랑 언제나 이번이 마지막이라며
처음인 듯 찾아오니까
어느 날 그대가 숨긴 눈물
왠지 나와 같다 느껴서
이렇게 그대를 지키는 가 봐요
행복하고 싶었던 그대를
몰랐던 누군갈 또 알아가는 게
혹시 두렵기도 하겠지만
내가 그대를 만났다는 건
어쩌면 흘러가는 흔한
인연이란 것일지 모르지만
오늘도 다시 또 다시 사랑해요
사랑 언제나 이번이 마지막이라며
처음인 듯 찾아오니까
절대 우리 작은 다툼조차 하지 마요
이별 후엔 서운함만
가슴속에 남으니
사소한 그 표현이 그 말들이
언제나 나에겐 참
고마울 거예요
내가 그대를 만났다는 건
어쩌면 흘러가는 흔한
인연이란 것 일지 모르지만
오늘도 다시 또 다시 사랑해요
사랑 언제나 이번이 마지막이라며
처음인 듯 찾아오니까
사랑 언제나 이번이 마지막이라며
"
30,발라드,보고 싶다,김범수,"아무리 기다려도 난 못 가

바보처럼 울고 있는 너에 곁에

상처만 주는 나를 왜 모르고

기다리니 떠나가란 말야

보고싶다 보고싶다

이런 내가 미워질 만큼

울고 싶다 네게 무릎 꿇고

모두 없던 일이 될 수 있다면

미칠 듯 사랑했던 기억이

추억들이 너를 찾고 있지만

더 이상 사랑이란 변명에

너를 가둘 수 없어

이러면 안 되지만

죽을 만큼 보고싶다

보고싶다 보고싶다

이런 내가 미워질 만큼

믿고 싶다 옳은 길이라고

너를 위해 떠나야만 한다고

미칠 듯 사랑했던 기억이

추억들이 너를 찾고 있지만

더 이상 사랑이란 변명에

너를 가둘 수 없어

이러면 안 되지만

죽을 만큼 보고싶다

죽을 만큼 잊고싶다"
31,발라드,두사람,성시경,"지친 하루가 가고
달빛 아래 두 사람
하나의 그림자
눈 감으면 잡힐 듯
아련한 행복이 아직 저기 있는데
상처 입은 마음은
너의 꿈마저 그늘을 드리워도
기억해줘 아프도록
사랑하는 사람이 곁에 있다는 걸
때로는 이 길이 멀게만 보여도
서글픈 마음에 눈물이 흘러도
모든 일이 추억이 될 때까지
우리 두 사람
서로의 쉴 곳이 되어주리
너와 함께 걸을 때
어디로 가야 할지
길이 보이지 않을 때
기억할게 너 하나만으로
눈이 부시던 그 날의 세상을
여전히 서툴고 또 부족하지만
언제까지나 네 곁에 있을게
캄캄한 밤 길을 잃고 헤매도
우리 두 사람
서로의 등불이 되어주리
먼 훗날 무지개 저 너머에
우리가 찾던 꿈 거기 없다 해도
그대와 나 함께 보내는
지금 이 시간들이
내겐 그보다 더 소중한 걸
때로는 이 길이 멀게만 보여도
서글픈 마음에 눈물이 흘러도
모든 일이 추억이 될 때까지
우리 두 사람 서로의 쉴 곳이 되어
서툴고 또 부족하지만
언제까지나 곁에 있을게
모진 바람 또 다시 불어와도
우리 두 사람
저 거친 세월을 지나가리
"
32,발라드,그랬나봐,김형중,"많은 친구 모인 밤 그 속에서 
늘 있던 자리에 니가 가끔 보이지 않을 때 
내가 좋아했던 너의 향길 맡으면 
혹시 니가 아닐까 고갤 돌려 널 찾을 때 
우연히 너의 동넬 지나갈 때면 
어느새 니 얼굴 자꾸 떠오를 때 
그랬나봐 나 널 좋아하나봐 
하루하루 니 생각만 나는걸 
널 보고싶다고 잘할 수 있다고 
용기내 전활 걸고 싶었는데 
그게 잘 안돼 바보처럼 
우연히 너의 메일을 알게 되면서 
모니터 앞에 널 밤새 기다릴 때 
그랬나봐 나 널 좋아하나봐 
하루하루 니 생각만 나는걸 
널 보고싶다고 잘할 수 있다고 
용기내 전활걸고 싶었는데
그게 잘 안돼
말 하지 못한 막막함을
너는 알고 있을까
오랫동안 기다려온 사람 내 앞에
숨쉬고 있는 걸
그랬나봐 나 널 좋아하나봐
하루하루 니 생각만 나는걸
널 보고싶다고 잘할 수 있다고
용기내 전활걸고 싶었는데
그게 잘 안돼
넌 언제나 나를 꿈꾸게 하지
지금보다 더 좋은 남자 되고싶다고
널 만나러 가는 이 시간 난 연습해
그토록 오랜시간 가슴속에 숨겨 왔던 말
사랑해
"
33,발라드,여전히 아름다운지,김연우,"첨엔 혼자라는게 편했지
자유로운 선택과 시간에
너의 기억을 지운 듯 했어
정말 난 그런줄로 믿었어
하지만 말야 이른 아침 혼자 눈을 뜰때
내 곁에 네가 없다는 사실을 알게 될 때면 
나도 모를 눈물이 흘러
변한 건 없니 날 웃게 했던
예전 그 말투도 여전히 그대로니
난 달라졌어 예전만큼 웃질 않고
좀 야위었어 널 만날때 보다
나를 이해해 준 지난 날을
너의 구속이라 착각했지
남자다운 거라며 너에겐
사랑한단 말조차 못했어
하지만 말야 빈 종이에 가득 너의 이름
쓰면서 네게 전활 걸어 너의 음성 들을 때
나도 모를 눈물이 흘러
변한 건 없니 내가 그토록
사랑한 미소도 여전히 아름답니
난 달라졌어 예전만큼 웃질 않고
좀 야위었어 널 만날때 보다
그는 어떠니 우리 함께한 날들
잊을 만큼 너에게 잘해주니
행복해야돼 나의 모자람
채워줄 좋은 사람 만났으니까 
"
34,발라드,삭제,이승기,"헤어진 다음 날 니 목소리없이
아침에 혼자 눈을 뜨게 된거야
실감이 안나 전화기를 켜보니
니 사진은 우리 둘 사진은
그대로 있는데 여기 있는데
어떡해 벌써 보고 싶은데
이젠 지워야겠지
모두 지워야겠지
웃는 너의 사진을
행복한 우리 사진을
한 장씩 너를 지울 때마다
가슴이 아려와
너의 사진이 점점 흐려져
사진 속 너를 불러도 보고
너를 만져도 보고
너무 잔인한 일이야
너를 지우는 일
그대로 있는데
웃고 있는데
사진 속 니가 웃고 있는데
이 땐 행복했나봐
이 땐 몰랐었나봐
우린 좋았었는데
우린 좋았을 텐데
한 장씩 너를 지울 때마다
가슴이 아려와
너의 사진이 점점 흐려져
사진 속 너를 불러도 보고
너를 만져도 보고
너무 잔인한 일이야
너를 지우는 일
이제 눈 감고 널 지워
어차피 우린 아닌거잖아
이젠 눈 감고 널 지워
마지막 사진 한장 뿐
마지막 너의 얼굴이 보여
너무 아름다워요
이제 다시는 볼 수 없음에
한번 더 너를 불러도 보고
너를 만져도 보고
너무 잔인한 일이지만은
널 지웠어
"
35,발라드,넌 감동이었어,성시경,"미련하게 아무도 모를 것 같아 
태연한 척 지내왔어 너 떠나버린 뒤 
다 알았대 어설픈 나의 눈빛을 
행복했던 지난 날의 나와 너무 달라서 
이별했음을 느낄 수 밖에 
너와 나 정말 그때는 좋았었나봐 
나 화 낼줄도 몰라 내내 즐거웠대 
그래 그랬었지 널 사랑하기에 
세상은 나에겐 커다란 감동이었어  
그 순간을 잊는다면 내가 살아 온  
짧은 세월은 너무나 보잘 것 없어 
되돌려 보려 해 너를 찾으려 해 
너 없이 살아도 멀쩡히 숨은 쉬겠지만 
후회와 그리움만으로는 견딜 수 없어 
하루도 자신이 없어
초라했대 어설픈 나의 눈빛은 
행복했던 지난 날의 나와 너무 달라서 
이별했음을 느낄 수 밖에 
너와 나 헤어질줄은 아무도 몰랐대 
하루가 너무 짧던 우리의 날들이 
그래 그랬었지 널 사랑하기에 
세상은 나에겐 커다란 감동이었어  
그 순간을 잊는다면 내가 살아 온  
짧은 세월은 너무나 보잘 것 없어 
되돌려 보려 해 너를 찾으려 해 
너 없이 살아도 멀쩡히 숨은 쉬겠지만 
후회와 그리움만으로는 견딜 수 없어 
하루도 자신이 없어 도저히
"
36,발라드,Love Blossom (러브블러썸),케이윌,"입안에서
바람 맛이
달콤한 아침
새하얀
이불위로 닿는
햇살이 좋아
설레는
전화 벨소리
그대 인가요
설탕 한 스푼 담긴 소리
hello hello
봄이 와
이 거리 위에
봄이 와
나의 가슴속에
왜 이리 나
들뜨나 몰라
oh
팝콘 같은 꽃잎이
저 높이 날아요
사랑한다 말하면
난 정말 녹아요
오늘 같은 바람이 불면
하루 종일 미치겠어
그대가
아른아른 거려서
향기로운
봄 바람이
나풀거리고
두 볼에 앉은
햇살마저
완벽한걸요
새하얗게 춤을 추는
꽃잎을 보며
그대와 둘이
걷다 보면
uh huh
ah ha
봄이 와
이 거리 위에
봄이 와
우리 둘 사이에
설레임이
피어 올라요
oh
팝콘 같은 꽃잎이
저 높이 날아요
사랑한다 말하면
난 정말 녹아요
오늘 같은 바람이 불면
하루 종일 미치겠어
그대가
아른아른 거려서
꿈에서 봤던
거리가 여기인가요
그대와 나란히
걷는 모든 곳이
아름다워
난 있잖아요
그대를 볼 때마다 놀라
더 아름다울 수 없는
그대여
따사로운 봄빛에
사랑이
녹아요
살랑대는 바람에
사랑이
불어요
오늘 같은 바람이 불면
제일 먼저
떠올라요
그대만
팝콘 같은
꽃잎이
저 높이 날아요
사랑한다
말하면
난 정말 녹아요
오늘 같은 바람이 불면
하루 종일 미치겠어
그대가
아른아른 거려서
그대가
나의 봄이죠
"
37,발라드,까만안경 (Feat. Day Light),"Daylight, 이루","까만 안경을 써요
아주 까만 밤인데 말이죠  
앞이 보이지 않아도 
괜찮아요 나는 울고 싶을 뿐이죠 
한 여자가 떠나요
너무나 사랑했었죠 
그래요 내 여자에요
내 가슴 속에서 울고 있는 여자 
사랑해요 나도 울고 있어요 오 난
보고 싶어서 만나고 싶어서
차라리 죽고만 싶어요 
미안해요 잘해주지 못한 나지만
이별까지도 사랑할거에요
행복한 사람이 되어주세요
제발요 
한 여자가 떠나요
너무나 사랑했었죠 
그래요 내 여자에요
내 가슴 속에서 울고 있는 여자 
사랑해요 나도 울고 있어요 오 난
보고 싶어서 만나고 싶어서
차라리 죽고만 싶어요 
미안해요 잘해주지 못한 나지만
이별까지도 사랑할거에요
행복한 사람이 되어주세요 
사랑해요 나도 울고 있어요 난
보고 싶어서 만나고 싶어서
차라리 죽고만 싶어요 
미안해요 잘해주지 못한 나지만
이별까지도 사랑할거에요
행복한 사람이 되어주세요
제발요 
"
38,발라드,나였으면,나윤권,"늘 바라만 보네요
하루가 지나가고 
또 하루가 지나도
그대 숨소리 그대 웃음소리
아직도 나를 흔들죠
또 눈물이 흐르죠
아픈 내 맘 모른채 
그댄 웃고 있네요
바보같은 나 철없는 못난 나를
한번쯤 그대 돌아봐 줄 수 없는지
알고있죠 내 바램들을
그대에겐 아무런 의미없단 걸
나였으면 그대 사랑하는 사람
나였으면 수없이 많은 날을 
나 기도해왔죠
푸르른 나무처럼 
말없이 빛난 별처럼
또 바라만 보고있는 나를 
그댄 알고 있나요
늘 나 오늘까지만
혼자 연습해왔던 사랑의 고백들도
슬픈 뒷모습 그저 오늘까지만
이런 내맘을 모른채 살아 갈테죠
기다림이 잊혀짐보다
쉽다는걸 슬프게 잘 알고 있죠
나였으면 그대 사랑하는 사람
나였으면 수없이 많은 날을 
나 기도해왔죠
푸르른 나무처럼 
말없이 빛난 별처럼
또 바라만 보고있는 나를 
그댄 알고 있나요
묻고싶죠 그댄 잘 지내는 가요
함께하는 그 사람이 
그대에게 잘해주나요
바보같은 걱정도 
부질없단걸 알지만
눈물없이 꼭 한번은 
말하고 싶었죠
사랑한다고"
39,발라드,추억은 사랑을 닮아,박효신,"그대가 부네요
내 가슴 안에 그대라는 바람이
언제나 내게 그랬듯이
내 맘 흔들어 놓고
추억이란 흔적만
남기고 달아나죠
난 길을 잃었죠
늘 그대라는 사람만 보다가
단 한 번 의심하지 않고
여기까지 왔는데
그대 없는 낯설은
길 위에 남아 있죠
가져가세요
좋은 기억마저도
그대가 없이는
내겐 짐만 될 텐데
자꾸 꺼내 보면
그리움만 커져서
다시 돌아가는 길
발걸음 또 멈추게 하죠
추억은 사랑을 닮아
난 자꾸 돌아보겠죠
그곳엔 아직도 그대가 있어서
그래서 아픈가 봐요
한 번쯤 꼭 한 번쯤은
그대도 날 볼까 봐
오늘도 기다려요
나 이제 어쩌죠
아무리 그댈 달아나려 해봐도
한뼘도 멀어지지 못해
매일 같은 자리에
매일 같은 무게로
하루를 살아가죠
어딜 보아도 온통 그대 뿐이죠
날 보던 눈빛이
자꾸 맘에 걸려서
다시 눈을 감고
그댈 지우려하면
굳게 다문 입술이 떨려와
참았던 눈물이 흐르죠
추억은 사랑을 닮아
난 자꾸 돌아보겠죠
그곳에 아직도 그대가 있어서
그래서 아픈가 봐요
한 번쯤 꼭 한 번쯤은
그대도 날 볼까 봐
오늘도 기다려요
어느 날 뒤돌아보다
그대가 나를 본다면
난 어떻게 하죠
아무 말 못하는
나를 잘 알잖아요
추억은 바람을 타고
언젠가 흩어질 텐데
울어도 소리쳐 봐도
모른 척 버리려 해도
잊지 못할 그 사람
오늘도 기다려요
나를 잘 알잖아요
"
40,발라드,One Love,엠씨더맥스,"이젠 내가 돌아서려 해 
다신 그 사람과 
네 앞에서 보이지 않게 
이제 너에겐 어떤 바램도 
작은 기대조차 할 수 없는 나잖아 
하지만 시간이 많이 지난 후에도 
나의 숨결 나의 향기 
네게 묻어있다면 
언제나 힘들던 이룰 수 없던 사랑 
너에게도 너무 큰 아픔이었다면 
다시 내게 돌아와 
너를 떠나보내고 
후회하고 있는 내게 
함께 할 수 없음이 
나에겐 너무도 
커다란 아픔인 걸 아니 
언제나 힘들던 이룰 수 없던 사랑 
너에게도 너무 큰 
아픔이었다면 돌아와 줘
후회 없는 사랑하기 위해 
내가 택한 사람은 너뿐야 
언젠간 내게 돌아와 줄 너잖아 
힘든 시간 다 지나고 
오랜 간절함에 되찾은 
내 마지막 사랑인 걸
다시 내게 돌아와 
너를 떠나보내고 
후회하고 있는 내게 
함께 할 수 없음이 
나에겐 너무도 
커다란 아픔인 걸 아니 
"
41,발라드,화장을 고치고,왁스,"우연히 날 찾아와 사랑만 남기고 간 너 
 
하루가 지나 몇 해가 흘러도 
 
아무 소식도 없는데 세월에 변해버린 
 
날 보면 실망할까봐 오늘도 나는 
 
설레이는 맘으로 화장을 다시 고치곤해 
 
아무것도 난 해준게 없어 
 
받기만 했을뿐 그래서 미안해 
 
나같은 여자를 왜 사랑했는지 
 
왜 떠나야 했는지 어떻게든 
 
우린 다시 사랑해야 해 
 
 
살다가 널 만나면 
 
모질게 따지고 싶어 힘든 세상에 
 
나홀로 남겨두고 왜 연락 한번 없었느냐고 
 
아무것도 난 해준게 없어 받기만 했을뿐 
 
그래서 미안해 나같은 여자를 
 
왜 사랑했는지 왜 떠나야 했는지 
 
어떻게든 우린 다시 사랑해야해 
 
그땐 너무 어려서 몰랐던 사랑을 
 
이제야 알겠어- 보잘것 없지만 
 
널 위해 남겨둔 내 사랑을 받아줘 
 
어떻게든 우린 다시 사랑해-야해 
 
 
"
42,발라드,같은 베개...,테이,"하룻밤 자고나면 괜찮을거라
그 밤이 어느새 천번째 밤이야
니가 떠난 그 날부터 매일밤
나를 위로해 줬던건
언젠가 니가 내게 사준 베개야
한시도 떨어져 살수가 없을때
서로같은 베개위에서라도
꼭 잠들자고 약속했었던
똑같은 베개 베고서 잠이들면
어디서든 함께있는 거라던
꿈속에서도 헤어지지 말자던
그런 니가 너무 그리워
잠들때까지 전화기를 붙잡고
사랑한다는말 지겹게 나누고
두 베개가 하나되는
그 날을 그리며 행복했던 난
이제는 그 베개를 끌어 안고서
눈물을 흘리고 후회를 흘리고
너에게 다 미쳐주지 못했었던
나의 마음을 또 흘리지
똑같은 베개 베고서 잠이 들면
어디서든 함께 있는 거라던
꿈속에서도 헤어지지 말자던
그런 니가 너무 그리워
언젠가 잊혀질 날이 올 것 같아서
슬픔도 멈출날 올 것 같아서
외려 두려워 시간이
내 맘까지 앗아갈까
아직도 너만 꿈꾸고 있는 바보
이런 나도 잠들날이 올까봐
똑같은 베개 베고서 잠이들면
어디서든 함께 있는거라던
꿈속에서도 헤어지지 말자던
그런 니가 너무 그리워
사랑이 눕던 그 곳에 그 자리위에
영원토록 이별이 또 누워도
너와 똑같은 추억 하나 가진 난
그래도 너라서 고마워
"
43,발라드,심장이 없어,에이트,"아프다고 말하면 
정말 아플 것 같아서 
슬프다고 말하면 
눈물이 날 것 같아서 
그냥 웃지 그냥 웃지 그냥 웃지 
그런데 사람들이 왜 우냐고 물어 
매일을 울다가 웃다가 
울다가 웃는걸 반복해 
나 왜 이러는데 
술이 술인지 밥인지도 모르는 채 
살아 이 정도 아픔은 
통과 의례인 듯 해 
멍하니 종이에 나도 몰래 
니 이름만 적어 하루 왼 종일 
종이가 시커매지고서야 펜을 놔 
너 그리워 또 핸드폰을 들었다 놔 
눈물이 또 찾아와 너와의 이별이란 
나는 심장이 없어 나는 심장이 없어 
그래서 아픈 걸 느낄리 없어 
매일 혼잣말을 해 내게 주문을 걸어 
그래도 자꾸 눈물이 나는 걸 
아프다고 말하면 
정말 아플 것 같아서 
슬프다고 말하면 
눈물이 날 것 같아서 
그냥 웃지 그냥 웃지 그냥 웃지 
그런데 사람들이 왜 우냐고 물어 
이렇게 웃는데 
니가 떠나고부터 
난 바보가 된 것 같어 
i can't do 아무것도 
죽어라 방구석에 박혀 살어 
너 없인 할 일도 없는데 
하룬 길어 너무 길어 
근데 뭐 그리 바뻐 널 외롭게 했어 
니가 쇼핑 가자 그럴 때 
친구와 술 한잔 마시는 건 그렇게 
쉬운데 왜 너한텐 못했을까 
언제나 제일 느린 게 후회랬는데 
정말 바본지 끝까지 
너와의 끈을 놓지 못해 
나는 심장이 없어 나는 심장이 없어 
오늘도 뻔한 거짓말을 해 
가슴이 너무 아픈데
이렇게 보채는데
어떻게 웃을 수가 있겠어
아프다고 말하면
정말 아플 것 같아서
슬프다고 말하면
눈물이 날 것 같아서
그냥 웃지 그냥 웃지 그냥 웃지
그런데 사람들이 왜 우냐고 물어
이렇게 웃는데
웃자 TV속 연예인들처럼
웃자 너의 미니홈피 제목처럼
웃자 행복했던 내 어제처럼
나는 심장이 없어
아플 수가 난 없어
나는 심장이 없어
아플 수가 난 없어
그냥 웃자 그냥 웃자 그냥 웃자
제발 좀 눈물아 이제는 멈춰줘
"
44,"발라드, 인디음악",Madeleine Love,CHEEZE,"오늘같이 싱그러운 날
길거리 차도 별로 다니지 않아 
문득 지나가다 거울을 보면 
오늘 내 모습은 좀 예뻐 보이네 
이따가 널 보면 무슨 말을 할까 
날씨가 좋다고 뻔한 
말이라도 건네볼까 
어색한 장난이라도 용감하게 
오늘은 널 웃음 짓게 만들 거야 
I’m in madeleine love 
I’m in madeleine love 
I’m in madeleine love 
오늘같이 햇볕 좋은 날엔 
매일 걷던 거리도 지겹지 않아 
문득 지나가다 거울을 보면 
내 얼굴도 이 정도면 잘생겼네 
이따가 널 보면 무슨 말을 할까 
날씨가 좋다고 
공원이라도 좀 걷자 할까 
짓궂은 장난이라도 용감하게 
오늘은 널 웃음 짓게 만들 거야 
I’m in madeleine love 
I’m in madeleine love 
I’m in madeleine love 
I’m in madeleine love
I’m in madeleine love
I’m in madeleine love
"
45,발라드,그 남자 그 여자 (Feat. 장혜진),바이브,"혹시 니가 다시 돌아올까봐 
다른 사랑 절대 못해 
남잘 울렸으면 책임져야지 
니가 뭘 알아 남자의 마음을 
모든걸 다 주니까
떠난다는 그 여자 
내 전부를 다 가져간 그 여자 
한때는 내가 정말
사랑했던 그 여자 
다 믿었었어 바보같이 
여자는 다 똑같나봐 
혹시 니가 다시 돌아올까봐 
다른 사랑 절대 못해 
여잘 울렸으면 책임져야지 
니가 뭘 알아 여자의 마음을 
모든걸 다 주니까
떠난다는 그 남자 
내 전부를 다 가져간 그 남자 
한때는 내가 정말
사랑했던 그 남자 
다 믿었었어 바보같이 
남자는 다 똑같나봐 
우린 미치도록 사랑했었지 
우린 미치도록 사랑했었지
모든걸 다 주니까
떠난다는 그 남자 
내 마음하나 몰라주는 그 남자 
한때는 내가 정말
사랑했던 그 남자 
다 믿었었어 바보같이 
그땐 사랑이 이별인줄 모르고 
그런줄도 모르고
다 믿었었어 우리둘이
"
46,발라드,기억의 습작,전람회,"이젠 버틸 수 없다고 
휑한 웃음으로 내 어깨 기대어 
눈을 감았지만 
이젠 말할 수 있는 걸 
너의 슬픈 눈빛이 나의 마음을 
아프게 하는 걸 
나에게 말해 봐 
너의 마음 속으로 
들어가 볼 수만 있다면 
철없던 나의 모습이 얼만큼 
의미가 될 수 있는지 
많은 날이 지나고 나의 마음 
지쳐갈 때 
내 마음속으로 스러져가는  
너의 기억이
다시 찾아와 생각이 나겠지 
너무 커버린 미래의 
그 꿈들 속으로 
잊혀져 가는 나의 기억이 
다시 생각날까
너의 마음 속으로 
들어가 볼 수만 있다면 
철없던 나의 모습이 얼만큼 
의미가 될 수 있는지 
많은 날이 지나고 나의 마음 
지쳐갈 때 
내 마음속으로 스러져가는  
너의 기억이
다시 찾아와 생각이 나겠지 
너무 커버린 내 미래의 
그 꿈들 속으로 
잊혀져 가는 나의 기억이 
다시 생각날까  
많은 날이 지나고

"
47,발라드,아로하,쿨,"어두운 불빛 아래 촛불 하나
와인 잔에 담긴 약속 하나
항상 너의 곁에서 널 지켜줄꺼야
날 믿어준 너였잖아
나 바라는 건 오직 하나
영원한 행복을 꿈꾸지만
화려하지 않아도 꿈같지 않아도
너만 있어주면 돼
걱정 마 I Believe
언제나 I Believe
이 순간을 잊지 않을께
내 품에 I Believe
안긴 너의 미소가
영원히 빛을 잃어 가지 않게
Cause your love is so sweet
You are my everything
첫 날밤의 단 꿈에 젖어
하는 말이 아냐
난 변하지 않아
오직 너만 바라볼꺼야
You're light of my life
You're the one in my life
내 모든걸 다 잃는데도
후회하지 않아 오직 너를 위한
변하지 않는 사랑으로
이제 나에게 있어 가장 소중한 건
내가 아닌 당신입니다
말로는 다짐할 수 없지만
당신만을 사랑합니다
때로는 친구처럼 때로는 연인처럼
눈 감는 그 날까지
당신만을 사랑합니다
늘 하나라는 마음으로
흔들리지 않는 믿음으로
아픈 마음도 함께 기쁜 맘도 함께
나눠 가졌으면 해
약속해 I Believe
힘들 때 I Believe
너의 그늘이 되어줄께
내 품에 I Believe
안긴 너의 미소가
영원히 빛을 잃어 가지 않게
Cause your love is so sweet
You are my everything
첫날밤의 단 꿈에 젖어
하는 말이 아냐
난 변하지 않아
오직 너만 바라볼 꺼야
You're light of my life
You're the one in my life
내 모든 걸 다 잃는데도
후회하지 않아
오직 너를 위한
변하지 않는 사랑으로
You're light of my life
You're the one in my life
내 모든걸 다 잃는데도
후회하지 않아
오직 너를 위한
변하지 않는 사랑으로
All I ever want is your love
 
"
48,발라드,사랑은...향기를 남기고,테이,"가슴 아파서 목이 메어서 
안간힘을 써봐도 
피해 갈 수도 물러지지도 
않는 이별 인가봐 
너무 놀라서 자꾸 겁나서 
웃음으로 이기려해도 
눈치 빠른 눈물이 더 먼저 
알고 날 흘러 
난 소란스레 사랑했나봐 널 
줬다 이내 뺏는 걸 보니 
분 넘친 행복을 또 시기했나봐 
널 보내야만 하나봐 
I miss the love that 
I shared with U 
온 세상이 취한 것 같아 
눈부셨던 우리 추억이 열 
오르듯 비틀대잖아 
니 품에 살았던 날들과 
꿈꾸었던 사랑이 
다 부서져 또 흩어져 향기로 
I can&#39;t live without your love 
내가 못나서 잡지 못해서 
돌아 가슴 쳐봐도 
지워 지지도 덜어지지도 
않는 사랑 인가봐 
니가 미워서 누굴 만나서 
다시 시작 해 보려해도 
수많은 니 그리움이 날 
체하게 만들어 
넌 나보다 더 용감한가봐 
날 사랑한 적 없던 것처럼 
잘 살아가는데 날 지워 가는데 
난 왜 널 못 잊는 거니 
I miss the love that 
I shared with U 
온 세상이 취한 것 같아 
눈부셨던 우리 추억이 열 
오르듯 비틀대잖아 
니 품에 살았던 날들과 
꿈꾸었던 사랑이 
다 부서져 또 흩어져 향기로 
이렇게 하루 이틀이 가고 눈에 
멀어져 살다가 보면 
언젠간 또 가슴에서도 
무뎌지는 거라고 
그렇게 말을 하기까지 얼마나 
싸워야 난 할지 
보이지 않는 나와 또 볼 수 없는 
널 앞에 두고 
I miss the love that 
I shared with U 
그 언제쯤 자유로울까 
니 이별도 못 한 게 있어 
내 안에 널 데려가는 일 
난 그래 괜찮아 오늘도 
너 땜에 힘 겨워도 
이 지독한 내 아픔도 우리가 
사랑한 흔적인걸 
"
49,발라드,무릎,아이유,"모두 잠드는 밤에
혼자 우두커니 앉아
다 지나버린 오늘을
보내지 못하고서 깨어있어
누굴 기다리나 
아직 할 일이 남아 있었던가
그것도 아니면 돌아가고 싶은
그리운 자리를 떠올리나
무릎을 베고 누우면 
나 아주 어릴 적 그랬던 것처럼
머리칼을 넘겨줘요
그 좋은 손길에
까무룩 잠이 들어도
잠시만 그대로 두어요
깨우지 말아요 아주
깊은 잠을 잘 거예요
조용하던 두 눈을
다시 나에게 내리면
나 그때처럼 말갛게
웃어 보일 수 있을까
나 지친 것 같아
이 정도면 오래 버틴 것 같아
그대 있는 곳에 돌아갈 수 있는
지름길이 있다면 좋겠어
무릎을 베고 누우면 
나 아주 어릴 적 그랬던 것처럼
머리칼을 넘겨줘요
그 좋은 손길에
까무룩 잠이 들어도
잠시만 그대로 두어요
깨우지 말아요 아주
깊은 잠을 잘 거예요
스르르르륵 스르르
깊은 잠을 잘 거예요
스르르르륵 스르르
깊은 잠을
"
50,발라드,이럴거면 그러지말지 (Feat. Young K),백아연,"궁금해서 잠이 안 와
그때 왜 그랬어
구차해도 묻고 싶어
그때 난 뭐였어
나나나나 나나 나나
나만 애 탄거니
나나나나 나나 나나
난 진심인데 넌
그랬구나 그랬어
좋았는데 넌 아니었나 봐
그랬구나 그때 넌
그런 줄 모르고 나 혼자
이럴 거면 바래다주었던 그날 밤
넌 나를 안아주지 말았어야지
설렘에 밤잠 설치게 했던 그 말
그 말도 말았어야지
그러지는 말지
비겁하게 숨어버린 너를
돌아 올 거라고 믿은 내가 바보야
사랑스럽게 날 보던 네 눈빛에
빠졌던 내가 바보지
이럴 줄도 모르고
이렇게 돼 버린 이상
그냥 얘기할게
이미 떠나버린 니 맘
돌릴 순 없으니
그랬구나 그랬어
좋았는데 넌 아니었나 봐
그랬구나 그때 넌
네 생각 뿐인데 나 혼자
이럴 거면 바래다주었던 그날 밤
넌 나를 안아주지 말았어야지
설렘에 밤잠 설치게 했던 그 말
그 말도 말았어야지
이럴 줄은 몰랐어
어때 넌 어떻게 하고 싶니
지금 이 순간의 감정일지
중간에 금방 에러가 날것인지
I don’t know 하지만 내 생각엔
오래가진 못할 거 같아
너 아닌 나 때문에
이 관계는 이어지지 못해
잠 못 들어 아픈 이 새벽
잘 지내니 문자 한번쯤은 해주지
혹시나 하며 올린 우리 얘기에
좋아요 누르지 말지
괜히 기대 하게
바래다주던 그 날 밤처럼
돌아와서 포근하게 나를 안아줘
설렘에 밤잠 설치게 했던 말로
또 두근거리게 해줘
다시 날 녹여줘
이럴 거면 귀엽다고 하지 말지
그러지 말지
혼잣말만 늘어가네
전하지도 못할 말만
"
51,발라드,I Love You,포지션,"I love you 사랑한다는 이 말 밖에는
해줄 말이 없네요
I love you 의미 없는 말이 되었지만
사랑해요
이제와서 무슨 소용 있겠어요
다신 볼 수 없는 이별인데
돌이킬 수 없는 걸 잘 알고 있지만
어떻게든 그댈 잡아 두고 싶은걸
Ooh ooh ooh
이 세상 아니라도 언젠가
우리 다시 만날텐데
눈물 한방울도 보여선 안되겠죠
사랑에 빠지게 만들었던
미소로 날 떠나요
그 미소 하나로
언제라도 그대를 찾아낼 수 있게
I love you 기억하나요 처음 그대에게
느낀 그 떨림
I love you 오랜 후에서야 내게 해준
그대 그 한마디
우리 사랑 안될거라 생각했죠
너무나도 아름다웠기에
돌아서려 했었던 내 앞의 그대는
꿈만같은 사랑으로 다가 왔었죠
Ooh ooh ooh
이 세상 아니라도 언젠가
우리 다시 만날텐데
눈물 한방울도 보여선 안되겠죠
사랑에 빠지게 만들었던
미소로 날 떠나요
그 미소 하나로 언제라도 그대를
찾아낼 수 있게
언젠가 우리 다시 만나면
약속 하나만 해요 이렇게 아프게
너무 쉽게 헤어질 사랑하진 마요
"
52,발라드,미인 (美人),이기찬,"헤어질 때 늘 하던 짧은인사가 
오늘따라 왜 이렇게 서글픈거니 
눈물이 두 뺨 위로 흘러내릴때 
그때서야 이별인 줄 알았어 
 
제발 가지 말라고 차갑게 떠나지 말라고 
가슴 아프도록 외쳐보지만 
너는 떠나간다고 나의 손을 놓는다고 
나를두고 돌아서 버린 너 
 
다시 사랑한다 해도 다른 누군갈 만나도 
나는 너와 같은 사람 다신 만나진 못해 
백 번 천 번을 말해도 울며 다짐을 해봐도 
떠나가는 네 얼굴 보고싶은.. 
내가 정말 싫어 
 
모두 꿈일꺼라고 깨면 다 돌아올꺼라고 
아픈 마음을 위로해보지만 
점점 멀어져가는 너의 모습을 보면서 
울고있는 내가 다 가여워 
 
다시 사랑한다해도 
다른 누군가를 만나도 
나는 너와 같은 사람 다신 만나지 못해. 
백번 천번을 말해도 울며 다짐을 해봐도 
떠나가는 네 얼굴 보고싶은 내가 싫어. 
 
정말 사랑했었다면 
나를 사랑했었다면 
가는 길에서라도 한번쯤은 돌아봐줘 
 
이거 하나만 알고 가 
이 말 하나만 듣고 가 
나보다 더 좋은 사람 만나도 
날 잊으면 안돼.."
53,발라드,잠시만 안녕 (Original),엠씨더맥스,"행복을 줄 수 없었어
그런데 사랑을 했어
니곁에 감히 머무른
내 욕심을 용서치마
방황이 많이 남았어
그 끝은 나도 모르는곳
약하게 태어나서 미안해
그래서 널 보내려고 해
언젠가는 돌아갈께
사랑할 자격 갖춘 나 되어
너의 곁으로 돌아갈께
행복을 줄 수 있을 때
아파도 안녕
잠시만 안녕
언제나 위태로운 나
그런 내가 널 사랑을 했어
외로운 고독이 두려워
빨리 못 보내 미안해
사는게 참 힘들었어
널 보며 난 견뎠어
허나 네겐 보여줄 수
없는 내 삶
이별로 널 지키려해
언젠가는 돌아갈께
흔들리지 않는 나 되어
늦지않게 돌아갈께
널 많이 사랑하니까
아파도 안녕
슬퍼도 안녕
언젠가는 돌아갈께
사랑할 자격 갖춘 나 되어
너의 곁으로 돌아갈께
행복을 줄수 있을 때
아파도 안녕
널 위해 안녕
너와 내가 사랑하면
우리가 정말 사랑한다면
언젠가는 만날꺼야
행복을 줄 수 있을 때
조금만 울자 잠시만 울자
아파도 안녕
널 위해 안녕
"
54,발라드,바람이 불었으면 좋겠어,길구봉구,"웃는 모습이 너무 아름다운  
그런 너를 기억하면서 
괜찮아 넌 잘할거라 말하던  
또 그런 너를 기억하면서 
뭐가 그리 내 눈에 깊이 박혔는지 
너무 선명해서 이젠  
보낼수가 없잖아 
바람이 불었으면 좋겠어 
널 잊어내도록 널 씻어 내도록 
바람이 불었으면 좋겠어 남은  
마음까지도 멀리멀리  
날아갈 수 있도록
어느새 너의 얼굴을 떠올려 
또 그런 나를 바라보면서 
뭐가 그리 내눈에 깊이 박혔는지 
너무 선명해서 이젠  
보낼수가 없잖아 
바람이 불었으면 좋겠어 
널 잊어내도록 널 씻어 내도록
바람이 불었으면 좋겠어 남은 
마음까지도 멀리멀리 날아갈 수 
있도록
엉켜버린 나의 마음이 다시금 
너로 제자릴 찾아가 워
머릴 흔들어봐도 억지로 다른 
생각을 해도 나는 너만
내얘길 들었으면 좋겠어 닿을 수 
있도록 널 볼 수 있도록
내얘길 들었으면 좋겠어 흔들 수 
있도록 날 볼 수 있도록
바람이 불었으면 좋겠어 내 맘 
전해지도록 너에게로 다시 
갈수있도록
"
55,발라드,잔소리 (With 2AM 슬옹),아이유,"늦게 다니지좀 마

술은 멀리좀 해봐

열살짜리 애처럼 말을 안듣니

정말 웃음만 나와

누가 누굴보고 아이라 하는지

정말 웃음만 나와

싫은 얘기 하게 되는 내 맘을 몰라

좋은 얘기만 나누고 싶은 내맘을 몰라

그만할까 그만하자

하나부터 열까지 다 널 위한 소리

내 말 듣지 않는 너에게는 뻔한 잔소리

그만하자 그만하자

사랑하기만해도 시간 없는데

머리 아닌 가슴으로 하는 이야기

니가 싫다 해도 안 할수가 없는 이야기

그만하자 그만하자

나의 잔소리가 들려

밥은 제 때 먹는지

여잔 멀리 하는지

온 종일을 네 옆에 있고 싶은데

내가 그 맘인거야

주머니속에 널 넣고 다니면

정말 행복할텐데

둘이 아니면 안되는 우리 이야기

누가 듣는다면 놀려대고 웃을 이야기

그만할까 그만하자

하나부터 열까지 다 널 위한 소리

내 말 듣지 않는 너에게는 뻔한 잔소리

그만하자 그만하자

사랑하기만해도 시간 없는데

머리 아닌 가슴으로 하는 이야기

니가 싫다 해도 안 할수가 없는 이야기

그만하자 그만하자

나의 잔소리가 들려

눈에 힘을 주고 겁을 줘봐도

내겐 그저 귀여운 얼굴

이럴래 자꾸 더는 못 참고

정말 화낼지 몰라

사랑하다 말거라면 안 할 이야기

누구보다 너를 생각하는 마음의 소리

화가 나도 소리 쳐도

너의 잔소리마저 난 달콤한데

사랑해야 할 수 있는 그런 이야기

내 말 듣지 않는 너에게는 뻔한 잔소리

그만하자 그만하자

이런 내 맘을 믿어줘

 



	"
56,발라드,사랑인걸,모세,"하루가 가는 소릴 들어
너없는 세상속에
달이 저물고
해가뜨는 서러움
한날도 한시도
못살것 같더니 
그저 이렇게
그리워하며 살아
어디서부터 잊어갈까
오늘도 기억속에
네가 찾아와 
하루종일 떠들어
네말투 네표정 
너무 분명해서
마치 지금도 내곁에 
네가 사는 것 만 같아 
사랑인걸 사랑인걸
지워봐도 사랑인걸
아무리 비워내도
내안에는 너만살아
너하나만 너하나만
기억하고 원하는걸
보고픈 너의 사진을
꺼내어 보다 잠들어
어디서부터 잊어갈까
오늘도 기억속에 
네가 찾아와 
하루종일 떠들어
네말투 네표정 
너무 분명해서
마치 지금도 내곁에
네가 사는 것 만 같아 
사랑인걸 사랑인걸
지워봐도 사랑인걸
아무리 비워내도
내안에는 너만 살아
너하나만 너하나만
기억하고 원하는걸
보고픈 너의 사진을
꺼내어 보다 잠들어
잠결에 흐르던
눈물이 곧 말라가듯
조금씩 흐려지겠지
손내밀면 닿을 듯
아직은 눈에 선한 네얼굴 
사랑해 사랑해
잊으면 안돼
너만보고 너만알고
너만위해 살았던 날
마음둘 곳을 몰라
하루가 일년같아
아무것도 아무일도
아무말도 못하는 나
그래도 사랑을 믿어
그래도 사랑을 믿어
오늘도 사랑을 믿어

"
57,발라드,Heaven,김현성,"왜 이제 왔나요 더 야윈 그대
나만큼 힘들었나요
두번 살게 하네요 그대 내 삶을
난 모든걸 버리려 했죠
왜 나를 떠나요 아플거면서
사랑이 여기 있는데
다신 그러지 마요 내가 죽어요
그댄 나의 숨이니까요
나 그댈 잃는다는 건
내 삶이라는 것 살아도 지옥인거죠
그댄 나의 전부 그댄 나의 운명
헤어질 수 없어요
영원보다 먼 곳에 우리 사랑 가져가요
눈물 없는 세상 나의 사랑 하나로만
그대 살게 할게요
그대와 나 영원히 행복할 그 곳
Heaven
울어도 되나요 그대 앞에서
고마워 눈물이 나요
기다렸던 날들이 너무 아파서
그대 다시 미워지네요
사랑을 버린다는건 모든걸 잃는것
상처만 남기잖아요
그댄 나의 전부 그댄 나의 운명
헤어질 수 없어요
영원보다 먼 곳에 우리 사랑 가져가요
눈물 없는 세상 나의 사랑 하나로만
그대 살게 할게요
그대와 나 영원히 행복할 그 곳
Heaven
그댄 나의 전부 그댄 나의 운명
헤어질 수 없어요
영원보다 먼 곳에 우리 사랑 가져가요
눈물 없는 세상 나의 사랑 하나로만
그대 살게 할게요
그대와 나 영원히 행복할 그 곳
Heaven
"
58,발라드,행복하지 말아요,엠씨 더 맥스,"왜 이리도 이 세상엔 
이별이 많은지
왜 사랑이 힘든 건지 난 
궁금했었죠
난 이제 또 다시 묻고 있죠 
어떻게 견디는지
이 많은 슬픔 끝나긴 하는지
괜찮아요 다 그렇듯 이러다 
말겠죠
이 가슴도 이 눈물도 다 
가라 앉겠죠
더 안을수록 부서져 버릴 
우리를 알고 있죠
보내는 일이 사랑이라는 걸
사랑해 사랑해 말해줄 시간이 
아직도 많을 줄 알았죠
언젠가 누군가 그대를 가져갈 
그 사람
벌써부터 나 부러워지네요
행복하지마요 행복하려면 
사랑한 날 잊어야 하잖아
가시가 박힌듯 숨쉴때마다 
눈물이 흘러와
사는게 사는 것이 아니죠
사랑하지마요 내가 아니면 
누구와도 영원할 수 없어
그대를 그곳에 두고 온 것 
그것만 기억하면 찾을 수 있죠
잠시 멈춰있는 사랑인 거죠 
괜찮아요 웃어요
하루에도 나 몇번씩 
마음이 바뀌죠
또 버리고 주워담고 
오늘도 그래요
꼭 좋은 사람 만날 거라고 
말하는 나였지만
나의 가슴은 그댈 잡고 있죠
사랑해 사랑해 나에게 말해줄 
그대의 목소리
이제 들을 수 없겠죠
조금만 잠시만 머물다 
올 것을 그대의
곁에 있는 그사람도 아나요
행복하지마요 행복 하려면 
사랑한 날 잊어야 하잖아
가시가 박힌듯 숨쉴때마다 
눈물이 흘러와
사는게 사는 것이 아니죠
사랑하지마요 내가 아니면 
누구와도 영원할 수 없어
그대를 그곳에 두고 온 것 
그것만 기억하면 찾을 수 있죠
잠시 멈춰있는 사랑인거죠 
괜찮아요 웃어요
사랑하지마요 내가 아니면 
누구와도 영원할 수 없어
그대를 그곳에 두고 온 것 
그것만 기억하면 찾을 수 있죠
잠시 멈춰있는 사랑인거죠 
괜찮아요 웃어요
이 눈물도 이 아픔도 우
괜찮죠
"
59,발라드,감사,김동률,"눈부신 햇살이
오늘도 나를 감싸며
살아있음을 그대에게
난 감사해요
부족한 내 마음이
누구에게 힘이 될줄은
그것만으로 그대에게
난 감사해요
그 누구에게도
내 사람이란게
부끄럽지 않게
날 사랑할게요
단 한 순간에도
나의 사람이란 걸
후회하지 않도록
그댈 사랑할게요
이제야 나 태어난
그 이유를 알 것만 같아요
그대를 만나
죽도록 사랑하는게
누군가 주신
나의 행복이죠
그 어디에서도
나의 사람인 걸
잊을 수 없도록
늘 함께할게요
단 한순간에도
나의 사랑이란 걸
아파하지 않도록
그댈 사랑할게요
이제야 나 태어난
그 이유를 알 것만 같아요
그대를 만나
죽도록 사랑하는게
누군가 주신
내 삶의 이유라면
더이상 나에게
그 무엇도 바랄게 없어요
지금 처럼만
서로를 사랑하는게
누군가 주신
나의 행복이죠
누군가 주신
나의 행복이죠
"
60,발라드,낙원 (Feat. 이재훈),싸이,"너와 나 단 둘이서 떠나가는 여행 
너를 향한 내 마음 절대 안 변해 
보고 또 봐도 또 다시 나 반해 
꿈만 같애 우리 둘이 함께 
우린 서로 아무말도 없이 
이렇다 할 행선지도 없이 
빡빡한 저 세상 등지고 
너와 내가 나침반과 지도 
하지 못했었던 말 
한땐 다시 안본다 했었나 
허나 지금 우리 둘만 이 차속에 
어느덧 훌쩍 지나버린 고개 
비와 바람도 세상과 사람도 
우릴 막지 말라 우린 지금 빨라 
우릴 갈라 놨던 속세 탈출하는 찰라 
우린 지금 아주 빨라 
난 너와 같은 차를 타고 
난 너와 같은 곳을 보고 
난 너와 같이 같은 곳으로 
그 곳은 천국 일거야 
정신없이 달려온 곳 동해안 
저 시원한 바다 소리가 곧 내맘 
너 때문에 잠 못자고 꼬박 샌 밤 
손발을 다 합쳐도 못 샌다 
말이 필요없는 거야 같이 있는거야 
이제서야 밝히지만 내 주인은 너야 
기분 좋아 둘이 장도 봐 
밥은 내가 할게 쌀만 담궈 놔 
피곤한지 너는 잠깐 자고 
그 사이 나는 몰래 요리책을 파고 
드디어 오붓하게 저녁식사를 하고 
여기가 바로 지상 낙원 
비와 바람도 세상과 사람도 
우릴 막지 말라 우린 이제 달라 
나홀로 애태웠던 예전과는 달라 
우린 이제 많이 달라 
난 너와 같이 마주 하고 
난 너와 같이 살아 숨쉬고 
난 너와 같이 같은 곳에서 
여기가 천국인거야 oh
너로 인해 힘들었던 나의 어제가 
술안주로 변해버린 오늘이구나 
내 여자구나 이제 안 보낸다 절대 
안겨봐 내 품에 포근해 소중해 
나중에 다시 돌아가더라도 
오늘 하루 곱씹으며 행복하게 살어 
나중에 다시 돌아가더라도 
오늘 하루 곱씹으며 나를 잊지 말어 
난 너와 같이 마주 하고 
난 너와 같이 살아 숨쉬고 
난 너와 같이 같은 곳에서 
여기가 천국인거야 oh
This is what my life is all about 
it is all about you 
"
61,발라드,그대를 사랑하는 10가지 이유,이석훈,"그대 예쁜 목소리로
자장가를 불러줘요
오늘 밤도 그대 내 꿈 속에
나와 함께 살아요
아이같은 그 미소로
나를 보며 웃어주네요
나는 그대라서 참 행복합니다
내가 힘들때나 많이 아플때
내 눈물을 고이 닦아주던
그대란 사람
어찌 말을 해야 할까요
첫번째 그대의 마음
나무처럼 나를 쉬게해
두번째 그대의 미소
햇살처럼 나를 밝게 비추고
세번째 그대의 손길
내가 힘들때마다 품에 안아준
그댈 사랑합니다

내가 슬플 때나 외로워 할 때
내 곁을 따스히 지켜주던
그대란 사람
어찌 말을 해야 할까요
네번째 그대의 온도
내 가슴을 따스하게 해
다섯째 그대의 눈물
더 열심히 나를 살아가게 해
여섯째 그대의 기도
쳐진 어깨를 피게 만들어 주는
그댈 사랑합니다
그대여 더 이상 눈물은
이젠 흘리지 말아요
영원토록 그대를 지킬게요
사랑하는 그댈 보면
바라만 봐도 난 행복해
일곱번째 그대 표정
시무룩한 나를 웃게해
여덟째 그대 목소리
내게 힘을 주는 그대이니까
아홉번째 그대 걸음
못난 날 매일마다 찾아와 주네
열번짼 그대란 선물
그대라서 난 정말 행복합니다
 
"
62,발라드,꽃피는 봄이오면,BMK,"꽃피는 봄이오면

니가 떠난 그 후로
내 눈물은 얼 수 없나봐
얼어붙고 싶어도
다시 흐른 눈물 때문에
널 잃은 내 슬픔에
세상이 얼어도
날이 선 미움이 날 할퀴어도
뿌리 깊은 사랑을
이젠 떼어낼 수 없나봐
처음부터 넌 내 몸과
한 몸이었던 것처럼
그 어떤 사랑조차 꿈도 못꾸고
이내 널 그리고 또 원하고
난 니 이름만 부르짖는데
다시 돌아올까
네가 내 곁으로 올까
믿을 수가 없는데
믿어주면 우린 너무 사랑한
지난 날처럼 사랑하게 될까
그 때의 맘과 똑같을까
계절처럼 돌고 돌아
다시 꽃 피는 봄이 오면
기다리는 이에겐
사랑말곤 할게 없나봐
그 얼마나 고단한지
가늠도 못했었던 나
왜 못 보내느냐고
오 왜 우냐고
자꾸 날 꾸짖고 날 탓하고
또 그래도 난 너를 못잊어
다시 돌아올까
네가 내 곁으로 올까
믿을 수가 없는데
믿어주면 우린 너무 사랑한
지난 날처럼 사랑하게 될까
그 때의 맘과 똑같을까
계절처럼 돌고 돌아
다시 꽃 피는 봄이 오면
참 모질었던 삶이였지만
늘 황폐했던 맘이지만
그래도 너 있어 눈부셨어
널 이렇게도 그리워
견딜 수가 없는 건
나 그 때의 나 그 날의
내 모습이 그리워
시간에게 속아
다른 누굴 허락하고
다른 누군가에게
기대 서로 묻고 산다고 해도
날 기억해줘 한 순간이지만
우리가 사랑했다는 걸
너와 나눈 사랑은 참
삶보다 짧지만
내 추억 속에 사는 사랑은
영원할테니까
꼭 찰나같아 찬란했던
그 봄날은
"
63,발라드,사랑합니다...,팀,"나빠요 참 그대란 사람 
허락도 없이 왜 내 맘 가져요 
그대 때문에
난 힘겹게 살고만 있는데 
그댄 모르잖아요
알아요 나는 아니란 걸 
눈길 줄 만큼 보잘 것 없단걸
다만 가끔씩
그저 그 미소 여기 내게도 
나눠줄 순 없나요
비록 사랑은 아니라도
언젠간 한번쯤은 돌아봐 주겠죠 
한없이 뒤에서 기다리면
오늘도 차마 못한 가슴속 한마디
그댈 사랑합니다
어제도 책상에 엎드려 
그댈 그리다 잠들었나봐요
눈을 떠보니
눈물에 녹아 흩어져 있던 
시린 그대 이름과
헛된 바램뿐인 낙서만
언젠간 한번쯤은 돌아봐 주겠죠 
한없이 뒤에서 기다리면
오늘도 차마 못한 가슴속 한마디
그댈 사랑합니다
이젠 너무 나도 내겐 익숙한 
그대 뒷모습을 바라보며
흐르는 눈물처럼 소리없는 그말
그댈 사랑합니다
"
64,발라드,그리워 그리워,노을,"늦은 저녁 하루를 보내고
찬 바람에 창문을 닫으니
아득하게 조용한 방에서
아주 작은 조명 하나를 켜 놓고
어둑해진 밖을 바라보니
문득 너무도 슬퍼지네
매일 듣는 노래 List엔
하나 같이 다 우리 얘기뿐
이별은 모두 다 같으니까 
다시 조심스럽게 행복했던 날
아름답던 너를 그려보니
나도 모르게 눈물이 나네
그리워 그리워 니가 
너무나 그리워서
보고 싶어서
잊고 싶지 않아서 
잊을 수가 없어서
못 해준 게 너무 많아서
더 그리워
너무나도 사랑했었기에
아름답게 우린 헤어졌어
현실 안에 서로를 위해서 알아
어차피 우린 안 될 걸
누구보다 잘 알지만
왜 이렇게도 눈물이 나는 건지
그리워 그리워 
니가 너무나 그리워서
보고 싶어서
잊고 싶지않아서 
잊을 수가 없어서
못해준게 너무 많아서
그리워 그리워 
니가 너무나 그리워서
보고싶어서
정말 널 잊고 싶지 않아서
널 다시 붙잡고 싶어서
지금 너무나 난 니가 그리워"
65,발라드,그립고 그립고 그립다,케이윌,"그립고 그립고 그립다

가슴이 찢어질 것 같아서
어깨도 못펴고 또 하루를 보냈어
눈물이 그냥 왈칵 쏟아질 것 같아서
미친 척 웃었어
그래 나는 바보야
너 한사람만 보는 바보
떠나는 널 잡지도 못해
그래놓고 잊지도 못해
널 사랑한다
널 사랑한다
나에겐 하나뿐인 사람이여
그립고 그립고 그립다
그립고 그립고 그립다

네 추억 세어보다 잠들어
혹시나 꿈에선 너를 볼 수 있을까
네 물건 하나도 난 버릴 수가 없잖아
다 너만 같아서
내 심장은 바보야
너 한사람만 사는 바보
죽을 것처럼 아파도 좋아
이러다가 죽어도 좋아
널 사랑한다
널 사랑한다
나에겐 하나뿐인 사람이여
그립고 그립고 그립다
그립고 그립고 그립다
날 다 줬으니까 나 후회는 없지만
더 해줄 수 없어 가슴 치고만 있잖아
널 사랑한다
널 사랑한다
더이상 니가 곁에 없다는게
아프고 아프고 아프다
아프고 아프고 아파도
그립고 그립고 그립다
 
"
66,발라드,되돌리다,이승기,"알 수 없는 그 계절의 끝
나는 너를 사랑하고 있던 걸까
어딘가에 우리 함께했던 
그 많은 시간이
손 닿을 듯 어제 일 처럼 
되돌려지곤 해
순간마다 네가 떠올라
조용히 낮게 울리던 그 목소리
봄을 닮은 햇살 같았던 
너의 모습까지
언제나 넌 나의 매일을 
환하게 비췄어
순간마다 네가 떠올라
조용히 낮게 울리던 그 목소리
봄을 닮은 햇살 같았던 
너의 모습까지
아주 작은 기억들 조차 
여전히 선명해
알 수 없는 그 계절의 끝
나는 너를 사랑하고 있던 걸까
어딘가에 우리 함께했던 
그 많은 시간이
손 닿을 듯 어제 일 처럼 
되돌려지곤 해
순간마다 네가 떠올라
조용히 낮게 울리던 그 목소리
봄을 닮은 햇살 같았던 
너의 모습까지
언제나 넌 나의 매일을 
환하게 비췄어
순간마다 네가 떠올라
조용히 낮게 울리던 그 목소리
봄을 닮은 햇살 같았던 
너의 모습까지
아주 작은 기억들 조차 
여전히 선명해
우린 어디쯤 있을까
수 많았던 기억들을 되돌려봐
우린 행복했던 걸까
알 수 없는 마음들만
제자리에 남아
순간마다 네가 떠올라
조용히 낮게 울리던 그 목소리
봄을 닮아 햇살 같았던 
너의 모습까지
아직도 난 너를 잊지 않아
우린 어디쯤 있을까
우리는 행복했던 걸까
"
67,발라드,세글자 (드라마 &#39;루루공주&#39; 김정은 메인 테마),세글자 엠투엠,"하루 단 하루라도 좋겠어 
널 잊고 살수만 있다면 
쉴새없는 눈물을 잠근채 
나의 그리움을 거둔채 

한 번 꼭 한번이면 될텐데 
난 참 그 말이 어려웠어 
너만 보면 자꾸 바보가 돼 
그림자 뒤로 숨게만 돼 

내게는 이 세상 제일 슬픈 세글자 
차마 너를 향해 줄 수 없던 세글자 
매일 내 가슴에 눈물로 썼다가 
다시 한숨으로 지우는 말 

나 혼자 말하고 나 혼자 듣는 말 
끝내 너의 곁엔 닿지도 못할 외로운 말 
사랑해 그 세글자가&nbsp;늘 나를&nbsp;아프게 해 

이젠 제발 좀 그만하자고 
다신 아파하지 말자고 
시간으로 덮고 또 덮어도 
널 가리지는 못하나봐 

내게는 이 세상 제일 슬픈 세글자 
차마 너를 향해 줄 수 없던 세글자 
매일 내 가슴에 눈물로 썼다가 
다시 한숨으로 지우는 말 

나 혼자 말하고 나 혼자 듣는 말 
끝내 너의 곁엔 닿지도 못할 외로운 말 
사랑해 그 세글자가 늘 나를 아프게해 

내 마음 하늘위에 쓸까 바람에게 말할까 
그럼 니가 볼까 너의 곁에 전해질까 

어쩌면 이 세상 제일 흔한 세글자 
내겐 이렇게도 힘에 겨운 세글자 
울음부터 나서 목이 메어와서 
꺼내기도 전에 되담는말 

천번도 만번도 더 삼킨 한 마디 
아마 평생가도 못 다할 짧은 그 한마디 
사랑해 그 세글자에 
또 이렇게 눈물만 - 

"
68,발라드,전부 너였다,노을,"가슴을 떼어논채
살 순 없나요
아무런 느낌도 없는 채로
눈물을 닦을 힘도 숨쉴 힘도
이제는 나 없죠
그대는 숨죽여 속으로 울겠죠
나보다 더 힘들겠죠
다음이 또 있다면
그땐 늦지 않게
마음껏 더 사랑할텐데
내가 살아온
모든 행복을 더해도
우리의 짧은 날만 못하죠
어떻게 잊을까요
어떻게 견뎌 낼까요
나는 기도해요
사랑이 우스운 나이까지
단숨에 흘러가길
수많은 사람 중 한명일 뿐인데
하나 잃었을 뿐인데
세상이 비틀대고
아무 일도 아무 생각도
난 할 수가 없죠
내가 살아온
모든 행복을 더해도
우리의 짧은 날만 못하죠
어떻게 잊을까요
어떻게 견뎌 낼까요
나는 기도해요
사랑이 우스운 나이까지
단숨에 흘러가길
바라만 봐도 좋았던 나였는데
욕심이 자라나
이렇게 벌을 받나요
보낸다는건
내가 가졌던거겠죠
한동안 내 것이던 그대죠
그렇게 잊을 게요
그렇게 견뎌 낼게요
보내고 보내도
헤어지고
다시 헤어져도
나는 또 그대겠죠
"
69,"발라드, 국내드라마",Perhaps Love (사랑인가요),"제이, 하울","언제였던건지 기억나진 않아 
자꾸 내 머리가
너로 어지럽던 시작 
한 두번씩 떠오르던 생각 
자꾸 늘어가서
조금 당황스러운 이 마음 
별일이 아닐 수 있다고
사소한 마음 이라고 
내가 내게 자꾸 
내게 자꾸 
말을 하는게 어색한걸 
사랑인가요
그대 나와 같다면 시작인가요 
맘이 자꾸 그댈 사랑한대요 
온 세상이 듣도록 소리치네요 
왜 이제야 들리죠 우
서롤 만나기 위해
이제야 사랑 찾았다고 
지금 내 마음을 설명하려 해도 
니가 내가 되어
맘을 느끼는 방법 뿐인데 
이미 난 니안에 있는 걸 
내 안에 니가 있듯이 
우린 서로에게 서로에게
이미 길들여진지 몰라 
사랑인가요
그대 나와 같다면 시작인가요 
맘이 자꾸 그댈 사랑한대요 
온 세상이 듣도록 소리치네요 
왜 이제야 들리죠 우
서롤 만나기 위해
이제야 사랑 찾았다고 
생각해보면
생각해보면
많은 순간속에 
얼마나 많은 설레임 있었는지 
조금 늦은 그 만큼
난 더 잘해 줄께요
함께 할께요
추억이 될 기억만 선물할께요
다신 내곁에서 떠나지 마요
짧은 순간조차도 불안한 걸요
내게 머물러줘요 우
그댈 이렇게 많이
그토록 많이
사랑하고 있어요
그대 하나만
이미
"
70,발라드,밤하늘의 별을... (With KCM & No Noo),양정승,"밤하늘의 별을 따서 너에게 줄래
너는 내가 사랑하니까 더 소중하니까
오직 너 아니면 안된다고 외치고 싶어
그저 내 곁에만 있어줘 떠나지 말아줘
너의 집 앞에서 한참동안 기다린거야
네가 오는 길에 혹시나 마주칠까봐
널 만나게 되면 어떤 얘길 먼저
꺼낼까 우연히 널 만난 것 처럼
보여야 할 텐데 첫눈에 반해 널
사랑했어 어떻게 표현할지도 몰라
눈치도 없이 나의 심장만 두근거려
밤하늘의 별을 따서 너에게 줄래
너는 내가 사랑하니까 더 소중하니까
오직 너 아니면 안된다고 외치고 싶어
그저 내 곁에만 있어줘 떠나지 말아줘
골목을 돌아서 네가 걸어 오는게 보여
준비한 선물과 편질 전해줘야 하는데
용기를 낸 순간 네 곁으로 다가갔지만
안녕이란 말만 하고서 지나쳐버렸네
첫눈에 반해 널 사랑했어 어떻게
표현할지 몰라 눈치 없이
나의 심장만 두근거려
밤하늘의 별을 따서 너에게 줄래
너는 내가 사랑하니까 더 소중하니까
오직 너 아니면 안된다고 외치고 싶어
그저 내 곁에만 있어줘 떠나지 말아줘
바보처럼 돌아서던 내 모습 뒤로
내 이름을 부르는 목소리 바로
너 였어  나와 함께하고 싶다는
그 말을 전하고 그렇게 우리의
사랑은 시작됐던 거야
난나나나 난나 나나나 랄라라라
랄라 라라라  나나나나 난나
나나나 라라랄라
난나나나 난나 나나나 랄라라라
랄라 라라라  나나나나 난나
나나나 라라랄라
 
"
71,발라드,사랑비,김태우,"사랑했었던 어떤 이가
떠나간 적 있겠죠
모든 게 내 탓이란
생각이 든 적 있겠죠
나 그래서 잡지 못했죠
이런 아픔쯤은 모두
잊을 수 있을 거라
다른 사랑이 찾아
올 거라 생각했었죠
왜 그런데 잊질 못하죠
그저 하늘 바라보며
외치죠 다시 한번
나를 사랑해줘
내 맘속 작은 바램이
비가 되어 내려오면
내 사랑이 머리에 내리면
추억이 되살아 나고
가슴에 내리면 소중했던
사랑이 떠오르고
내 사랑이 입술에 닿으면
널 사랑해 내게 외치며
비가 내리는 그 길을 따라
걷다가 걷다가 걷다 보면
바라던 내가 널 기다려
믿음이라는 열쇠로
사랑의 상잘 열어
사랑이란 기도를
전하는 전화를 걸어
내 맘이 널 찾지 못해도
그저 하늘 바라보며
외치죠 다시 한번
나를 사랑해줘
내 맘속 작은 바램이
비가 되어 내려오면
내 사랑이 머리에 내리면
추억이 되살아 나고
가슴에 내리면 소중했던
사랑이 떠오르고
내 사랑이 입술에 닿으면
널 사랑해 내게 외치며
비가 내리는 그 길을 따라
걷다가 걷다가 걷다 보면
바라던 내가 널 기다려
돌아가 그때로
내 삶에 단 한번
기도했던 대로
이렇게 외치면
사랑비가 내려와
너의 사랑이 나의
눈에 내리면
내 앞에 네가 서 있고
내 귀에 내리면 네가
다시 사랑을 속삭이고
널 사랑해 내 품에 안으면
또 다시 행복해지면
해가 비추는 그 길을 따라
같이 또 걷다가 걷다 보면
바라던 우리가 서 있어
내게 다시 오라는 기도
Oh yeah 한번 더
"
72,발라드,신촌을 못가,포스트맨,"신촌을 못가 한번을 못가
혹시 너와 마주칠까 봐
널 보면 눈물이 터질까 봐
친구들 한잔 하자고 또 꼬시며
불러대도 난 안가
아니 죽어도 못가
자주 갔었던 좋아했었던
사거리 그 포장마차가 그립다
니가 너무 그립다
새빨개진 그 얼굴로
날 사랑한다 했었던
그곳엘 내가 어떻게 가니
오늘 그 거리가 그리워 운다 또 운다
아직 많이 보고 싶나 봐
너도 어디선가 나처럼 울까 또 울까
그런 너를 마주칠까 신촌을 못가
데려다주던 아쉬워하던
막차 버스 안에서
우리 좋았지 우리 너무 좋았지
뒷자리 창가에 앉아
호 입김 불며 그리던 니 이름
그리고 널 사랑해 그걸 어떻게 잊니
오늘 그 거리가 그리워 운다 또 운다
아직 많이 보고 싶나 봐
너도 어디선가 나처럼 울까 또 울까
그런 너를 마주칠까 신촌을 못가
우리 둘만 있어도 좋았잖아
종일 땀이 찼던
두 손 뜨겁던 입맞춤도
다 거기 있잖아 다 살아 있잖아
오늘 이 노래를 부른다
Good bye and Good bye
이젠 너를 놓아 줄까 봐
마지막으로 널 부른다
사랑해 널 사랑해
너를 만난 그 곳은 참 행복했었다
"
73,발라드,이럴거면,아이비,"이럴 거면 날 흔들어 놓지 말지 
이럴 거면 잘해주지나 말지 
이럴 거면 첨 스쳐가게 놔두지 
너를 모르는 채 살게 하지. 떠날 거라면. 
 
원망해도 후회해도 널 향한 나의 사랑은 
이미 엎질러진 물 처럼 주워 담을 수 없어 
 
나를 울리려고 이럴려고.. 
날 사랑 했니. 너를 사랑하게 했니 
멀쩡한 사람 왜 넌 바보 만들어 
버릴 거면. 그럴 거였으면 
왜 내 맘 모두 가져간 거야 
조각나버려 이제 다신 쓸 수도 없게 
 
내 머리는 내 입술은 매일 니 욕만 하는데 
나의 가슴은 내 눈물은 자꾸 니 편만 들어 
 
나를 울리려고 이럴려고 
날 사랑 했니 너를 사랑하게 했니 
잘살던 사람 왜 늘 울게 만들어 
버릴 거면. 그럴 거였으면 
왜 내 맘 모두 가져간 거야 
누구에게도 이제 다신 줄 수도 없게 
 
너를 알기 전 서로 몰랐던 때로 
돌아가기엔 널 너무 사랑했나 봐 
 
잊지 못할 거면 이럴 거면 
널 붙잡을 걸 네게 떼라도 써볼걸 
사랑한다고 너 없인 못산다고 
울릴 거면 그립게 할 거면 
차라리 너의 곁에서 울려 
볼 수 있다면 혼자 사랑해도 되니까 
나만 사랑해도 되니까"
74,발라드,나의 옛날이야기,아이유,"쓸쓸하던 그 골목을 당신은 
기억하십니까 
지금도 난 기억합니다 
사랑한단 말 못하고 애태우던 
그날들을
당신은 알고 있었습니까
철 없었던 지난 날의 아름답던 
그밤들을
아직도 난 사랑합니다
철없던 사람아
그대는 나의 모든 것을 앗으려
하나 무정한 사람아
수줍어서 말 못했나 내가 싫어 말
안했나
지금도 난 알 수 없어요
이 노래를 듣는다면 나에게로 와주오
그대여 난 기다립니다
무정한 사람아
이 밤도 나의 모든 것을 앗으려
하나 철 없던 사람아
오늘 밤도 내일 밤도 그리고 그
다음 밤도
영원히 난 기다립니다
"
75,발라드,사랑한 후에,박효신,"나의 기억 어딘가에
동그마니 숨어 있다
울컥 쏟아져 내려 오는 너
기나긴 하루 한번쯤 너도
나의 모습 떠오르는지
사랑이라 부르기엔
우린 너무 멀어졌고
차마 잊기엔 아직은 너무 일러
오늘도 난 사랑과 이별 사이를
눈물로 맴돌며
숨차게 너를 찾고 있어
바보야 어딨니 안가면 안되니
너를 보낸 그곳에
아직도 난 서있는데
머리에 가슴에
그 모습이 그리워서
또 한 번 숨죽여 운다
널 사랑한 후에
오랜만에 문을 나서
바깥 바람을 만지다
덜컥 다가선 외로움에 무너져
네 손에 끌려 다니던 정들은 거리
너 없는 슬픔에
잰걸음으로 집으로 가
바보야 어딨니 안가면 안되니
너를 보낸 그곳에
아직도 난 서있는데
머리에 가슴에
그 모습이 그리워서
또 한 번 숨죽여 운다
널 사랑한 후에
널 불러보다가
뒤돌아 보면
그곳엔 널 닮은 추억만이
넌 아니 모르니 알면서 그러니
여태 잊지 못하고
아직 널 기다리는데
어떤 날 올거니
내 심장이 멈출까봐
또 다시 그리워 운다
널 사랑한 후에
"
76,발라드,취중진담(醉中眞談),전람회,"그래 난 취했는지도 몰라 실수인지도 몰라 
아침이면 까마득히 생각이 안나 
불안해 할지도 몰라 
하지만 꼭 오늘 밤엔 해야 할 말이 있어 
약한 모습 미안해도 술김에 하는 
말이라 생각지는 마 

언제나 네 앞에 서면 준비했던 말도 
왜 난 반대로 말해놓고 돌아서 후회하는지 
이젠 고백할께 처음부터 너를 사랑해 왔다고 
이렇게 널 사랑해 

어설픈 나의 말이 촌스럽고 못 미더워도 
그냥 하는 말이 아냐. 
두 번 다시 이런 일 없을 꺼야. 
아침이 밝아오면 다시 한번 널 품에 안고 
사랑한다 말할께 

자꾸 왜 웃기만 하는 거니 
농담처럼 들리니 아무 말도 하지 않고 
어린애 보듯 날 바라보기만 하니 
언제나 네 앞에 서면 준비했던 말도 
왜 난 반대로 말해놓고 돌아서 후회하는지 
이젠 고백할께 처음부터 너를 사랑해왔다고 
이렇게 널 사랑해 

어설픈 나의 말이 촌스럽고 못미더워도 
아무에게나 늘 이런 얘기하는 
그런 사람은 아냐 
너만큼이나 나도 참 어색해 
너를 똑바로 쳐다볼 수 없어 

자꾸만 아까부터 했던 말 또 해 미안해 
하지만 오늘 난 모두 다 말 할꺼야 
이렇게 널 사랑해 

어설픈 나의 말이 촌스럽고 못미더워도 
그냥하는 말이 아냐 
두번다시 이런일 없을거야 
아침이 밝아오면 다시 한번 널 품에 안고 
사랑한다 말할께- 

널 사랑해 이렇게 널 사랑해 어설픈 나의 말이... 
"
77,발라드,총맞은것처럼,백지영,"총 맞은 것처럼 정신이 너무 없어
웃음만 나와서 그냥 웃었어
그냥 웃었어 그냥
허탈하게 웃으며 하나만 묻자 했어
우리 왜 헤어져
어떻게 헤어져 어떻게 헤어져 어떻게
구멍난 가슴에 우리 추억이 흘러 넘쳐
잡아보려 해도 가슴을 막아도
손가락 사이로 빠져나가
심장이 멈춰도
이렇게 아플 것 같진 않아
어떻게 좀 해줘 날 좀 치료해줘
이러다 내 가슴 다 망가져
구멍난 가슴이
어느새 눈물이 나도 모르게 흘러
이러기 싫은데
정말 싫은데 정말 싫은데 정말
일어서는 널 따라 무작정 쫓아 갔어
도망치듯 걷는 너의 뒤에서
너의 뒤에서 소리쳤어
구멍난 가슴에 우리 추억이 흘러 넘쳐
잡아보려 해도 가슴을 막아도
손가락 사이로 빠져나가
심장이 멈춰도
이렇게 아플 것 같진 않아
어떻게 좀 해줘 날 좀 치료해줘
이러다 내 가슴 다 망가져
총 맞은 것처럼
정말 가슴이 너무 아파
이렇게 아픈데 이렇게 아픈데
살 수가 있다는 게 이상해
어떻게 너를 잊어 내가
그런 건 나는 몰라 몰라
가슴이 뻥뚫려 채울 수 없어서
죽을 만큼 아프기만 해
총 맞은 것처럼
 
"
78,발라드,Bubble Love,MC 몽,"널 사랑해 너보다 값진 건 없어
널 사랑해 세상누구보다 더
저 하늘에 빛을 따라가다 만난
오직 나를 위한 한사람
톡톡 튀는 우리들의 bubble love
kiss 처럼 입술모여 부는 bubble gum
행여나 혹시 그댄 내맘 알까
얼굴만 봐도 뭘 안먹어도 배불러
1 step 2 step in 한걸음 더
니맘을 열어줘 조금만 더
니 목소리만 들어도 난 너무 좋아
끊지말고 통화하자 5분만 더
this sweet bubble love
너무 새콤달콤해
투명한 니맘처럼 너무 깔끔해
crystal clear 널향해 달려
up in the air 날려 날려
don't be afraid blow it away
걱정거리들 모두 밀어내
너와나의 약속 서로를 위로해
마치 엄마 약손 바로 치료돼
널 사랑해 너보다 값진 건 없어
널 사랑해 세상누구보다 더
저 하늘에 빛을 따라가다 만난
오직 나를 위한 한사람
세상은 정글 험한 가시덤불
그 사이 날 막아주는 튼튼한 건물
내 몸과 마음의 치유효과를 높이는
그대는 지상 최대의 내게준 선물
널 위해 살아갈께 i will never stop
눈물조차도 i'll never make it drop
모든걸 담을 사랑의 물방울 커져가는
bubble love never let it pop
길거리를 걷다가도 아침밥을 먹다가도
피곤해서 졸다가도 니 생각만 나
방송을 하다가도 가사를 쓰다가도
노래를 부를때도 니 생각만 나
쓰라린 내게도 이젠 봄이 왔으니
저 물방울처럼 투명해지리
빛은 어둠속에 밝게 빛나니
그대는 내곁에 더 밝게 빛나리
널 사랑해 너보다 값진 건 없어
널 사랑해 세상누구보다 더
저 하늘에 빛을 따라가다 만난
오직 나를 위한 한사람
붕붕 뜨게 i be keepin' it up
계속 배워가고 있어 사랑 지키는 법
내 사랑은 투명한 bubble bubble love
내 사랑은 투명한 bubble bubble love
붕붕 뜨게 i be keepin' it up
계속 배워가고 있어 사랑 지키는 법
내 사랑은 투명한 bubble bubble love
내 사랑은 투명한 bubble bubble love
내 입가에 미소가 떠나질 않아
너 때문에 난 너무나 행복해
저하늘에 빛을 따라가다 만난
오직 나를 위한 한사람
 
"
79,발라드,좋은 사람 (Feat. 김형중),토이,"오늘은 무슨일 인거니
울었던 얼굴 같은걸 
그가 너의 마음을 아프게 했니
나에겐 세상 젤 소중한 너인데 
자판기 커피를 내밀어 
그 속에 감춰온 내 맘을 담아 
고마워 오빤 너무 좋은 사람이야 
그 한마디에 난 웃을뿐 
혹시 넌 기억하고 있을까
내 친구 학교 앞에 놀러왔던 날 
우리들 연인같다 장난쳤을 때 
넌 웃었고 난 밤 지새웠지 
네가 웃으면 나도 좋아  
넌 장난이라 해도 
널 기다렸던 날 널 보고 싶던 밤 
내겐 벅찬 행복 가득한데 
나는 혼자여도 괜찮아 
널 볼 수만 있다면 
늘 너의 뒤에서 늘 널 바라보는 
그게 내가 가진 몫인것만 같아 
친구들 지겹다 말하지 
늘 같은 노랠 부르는 나에게 
하지만 그게 바로 내 마음인걸 
그대 먼곳만 보네요
혹시 넌 그날 내 맘을 알까 
우리들 아는 친구 모두 모인 밤 
술취한 널 데리러 온 그를 내게 
인사시켰던 나의 생일 날 
네가 좋으면 나도 좋아
네 옆에 그를 보며
나완 너무 다른 난 초라해지는 
그에게 널 부탁한다는 말 밖에 
널 울리는 사람과
위로 밖에 못하는 나
네가 웃으면 나도 좋아
넌 장난이라 해도 
널 기다렸던 날 널 보고 싶던 밤 
내겐 벅찬 행복 가득한데 
나는 혼자여도 괜찮아 
널 볼수만 있다면 나 
늘 너의 뒤에서 늘 널 바라보는 
그게 내가 가진 몫인것만 같아 
"
80,발라드,곰인형 (Feat. 해금),린,"함께 본 영화표를 태우고
니가 사준 곰 인형을 패도
엉엉 울어 봐도 후련하질 못해
함께 산 핸드폰을 버리고
니가 사준 백일반질 빼도
준건 다 버려도 널 잊지를 못해
아무런 생각도 나지 않고
아무도 만나고 싶지 않아
사랑이 이런 건지 몰랐어요
아무런 얘기도 하기 싫고
아무런 전화도 받기 싫어
이렇게 힘든 건지 몰랐어요 난
백년을 사랑한 게 아닌데
백일을 겨우 넘긴 너인데
숟가락만 들어도 
자꾸 니 생각에 눈물이 나
세수하다 모르게 
자꾸 니 생각에 눈물이 나
자꾸 니 생각이 나 
울고 울어도 눈물이 나
새빨간 하트를 지우고 
저장된 일번을 지워도
다른 번호로 바꿔 봐도 
안돼 안돼 안된단 말야
모아 논 사진을 치우고 
니가 준 편질 찢어 봐도
할 수 있는 건 다 해봐도 
안돼 안돼 안된단 말야 너
친구도 만나보고 남자도 만날게
밥도 잘 먹어보고 술도 좀 마실게
근데 또 웃긴 게 해볼 건 다 했는데
널 잊는 게 그것만 안돼
아무런 생각도 나지 않고
아무도 만나고 싶지 않아
사랑이 이런 건지 몰랐어요
아무런 얘기도 하기 싫고
아무런 전화도 받기 싫어
이렇게 힘든 건지 몰랐어요
힘든 건지 몰랐어요 난
새빨간 하트를 지우고 
저장된 일번을 지워도
다른 번호로 바꿔 봐도 
안돼 안돼 안된단 말야
모아 논 사진을 치우고 
니가 준 편질 찢어 봐도
할 수 있는 건 다 해봐도 
안돼 안돼 안된단 말야 너
친구도 만나보고 남자도 만날게
밥도 잘 먹어보고 술도 좀 마실게
근데 또 웃긴 게 해볼 건 다 했는데
널 잊는 게 그것만 안돼
함께 본 영화표를 태우고
니가 사준 곰 인형을 패도
엉엉 울어 봐도 후련하지 못해 난
"
81,발라드,두사랑 (Feat. 매드클라운),다비치,"미쳤다고 하겠지 내 지금 사랑이
어떤 건지 듣는 사람들은
사랑이란 반드시 한 사람과 하는
거라면서 나를 욕하겠지
하지만 난 한 사람을 가볍게
사랑하지 않아 이해 못하겠지
두 사람을 미친 듯이 온 마음 다
바쳐서 사랑해
나도 내 맘을 모르겠어
내 두사랑은 한 사랑보다 깊어
난 두 사람 중 한 사람도 곁에서
보낼 수 없는데 이러면 안 되는데
누구에게도 털어 놓을 수 없어
없어 정말이야
나 두 사람을 사랑해 목숨 바쳐
나 두 사람을 사랑하면 안 되는걸
너무 잘 알면서 너무 잘 알면서
둘 중 누구도 보낼 수가 없어
없어 정말이야
이해할 수 있어
처음 봤을 땐
그냥 지나치는 사람쯤
두 번짼 풍선처럼
네 맘에서 점점 커지고
그러다 너도 모르는 사이 어느새
이젠 한 가슴에 살게 된
전혀 다른 두사랑
익숙함과 새로움 둘 사이 
둘 다 상처주기 싫어
꽤나 힘들었겠어
괜찮아 맘 가는 대로 해 
그 맘이 진심이라면
넌 좀 더 이기적이어도 돼
내 두사랑은 한 사랑보다 깊어
난 두 사람 중 한 사람도 곁에서
보낼 수 없는데
이러면 안 되는데
누구에게도 털어 놓을 수 없어
없어 정말이야
나 두 사람을 사랑해 목숨 바쳐
나 두 사람을 사랑하면 안 되는걸
너무 잘 알면서 너무 잘 알면서
둘 중 누구도 보낼 수가 없어
없어 정말이야
스스로가 밉고 이해할 수 없어도
사람 마음이란 게
가끔씩 그럴 수 있지
나쁜 건 나쁜 쪽이
되기 싫은 너의 맘
상처주지 않는 법 따위 없다고
애매하고 못된 헷갈리고 서툰
그런 맘이라 생각되면
잠시 두면 돼
괜찮아 맘 가는 대로 해 
그 맘이 진심이라면
넌 좀 더 이기적이어도 돼
이 두 사람은 너무 날 사랑해서
난 두 사람 중 한 사람도 아프게
할 수가 없는데 이러면 안 되는데
누구에게도 털어 놓을 수 없어
없어 정말이야
나는 사랑이 아닌 사랑들을 해요
이걸 어쩌지 이걸 어쩌지
어쩌면 좋지
어떡하죠
그 어떤 사랑보다 정말 깊은 걸요
대체 누가 날
대체 누가 날 이해해줄지
"
82,발라드,그대가 분다,엠씨 더 맥스,"옅은 바람 냄새에 
두 눈을 감아본다
낡은 가슴 여전한 떨림 
그대가 그대가 온다
어렴풋이 피어오르는
그 옛날의 기억이
두 눈에 소리 없이 흘러 
이 가슴을 울려온다
내 맘속에 그대가 분다
그 시절 그때처럼 
웃으며 나에게 불어와
소리 없이 그대가 분다
내 가슴 한가운데 
보고 싶은 그대가 분다
앙상해진 너의 계절에 
가슴이 시려 와도
돌아보면 어제 같은 날들 
그 시절은 영원하다
내 맘속에 그대가 분다
그 시절 그때처럼 
웃으며 나에게 불어와
소리 없이 그대가 분다
내 가슴 한가운데 
보고 싶은 그대가 분다
정말 사랑했구나 
그댈 매일 돌아보며 사는 나
내 맘속에 그대가 분다
어디선가 그대가 운다
안아주고 싶지만 
자꾸만 멀어지잖아
온 맘 다해 그댈 부른다
이 세상 한가운데 
눈물로 그댈 불러본다
하루 종일 그대가 분다
"
83,발라드,가지마 가지마,Brown Eyes,"우리 함께했던 날들
그 기억들만 남아
너를 지워야만 내가 살 수 있을까
우리 함께했던 날들
자꾸만 너 떠올라
너를 보내야만 내가 살 수 있을까
가지마 떠나지마 제발
가지마 사랑하잖아
가지마 나 혼자 남겨두고
제발 제발 제발
가지마 가지마 가지마
아직 너를 위해 바보처럼
살아가는데
너는 어디에 니가 필요한데
oh baby 내 사람아 이제 그만
내게 돌아와줘 장난처럼
그렇게 돌아와
항상 너만을 위해서
살아가고 싶지만
때론 그 사랑마저도
힘이 들잖아
가지마 떠나지마 제발
가지마 사랑하잖아
가지마 나 혼자 남겨두고
제발 제발 제발
가지마 가지마 가지마
아직 너를 위해
바보처럼 살아가는데
너는 어디에 니가 필요한데
oh baby 내 사람아
이제 그만 내게 돌아와줘
장난처럼 그렇게 돌아와
아프고 아플만큼 지치고 지칠만큼
지워봐도 참아봐도 니가 떠올라
너도 나처럼 아프잖아
너도 나처럼 힘들잖아
돌아와 내게로 잊지 못할 
내 사람아
아직 너를 위해 바보처럼 
살아가는데
너는 어디에 니가 필요한데
oh baby 내 사람아
이제 그만 내게 돌아와줘
장난처럼 그렇게
oh baby 내 사람아
이제 그만 내게 돌아와줘
그때처럼 그렇게 돌아와
"
84,발라드,Rain Drop,아이유,"소나기가 내려온다
내 머리위로 갑자기
말도 없이 젖어버리겠네
추억이 흘러 내린다
따라 눈물도 흐른다 바보처럼
집에가는길 아직도 멀기만한데
우산도 없이 감기걸릴것만 같아
이 길이 너에게로
돌아갈수 있는 길이면
젖어도 좋은데
Oh Rain Drop Oh Rain Drop
사랑이 참 모자라구나
Oh Rain Drop Oh Rain Drop
사랑은 저 빗방울처럼
모두 까맣게 잊어버리고
젖어 버리고선
아파하는 감기같은 걸까요

지난 여름날 햇살아래 짜증내고
뒤돌아 서버린 내 어리석음
예전처럼 우산을 들고
서있는 너를 본다면
참좋을 것같아
Oh Rain Drop Oh Rain Drop
사랑이 참 모자라구나
Oh Rain Drop Oh Rain Drop
사랑은 저 빗방울처럼
모두 까맣게 잊어버리고
젖어 버리고선
아파하는 감기같은 걸까요
쉽게 내쳐버린 말
야속했던 얘기로
많이 상처받았을 네가슴 이지만
오 아직도 내가 있다면
그안에 내가 있다면
젖은 발로 달려가고만 싶어
oh rain drop oh rain drop
사랑이 참 모자라구나
oh rain drop oh rain drop
사랑은 저 빗방울처럼
정말 까맣게 잊어버리고
젖어 버리고선
아파하는 감기같은 걸까요
그런 못된 감기같은 걸까요
내사랑은 항상 왜 이럴까요
 
"
85,발라드,"Officially Missing You, Too","소유 (씨스타), 긱스","애써 너에게 건냈던 말 good bye
이젠 혼자 남게된 이 밤 without you
난 아직도, I'm officially 
missing you
널 기다리던 밤처럼
길고 어둡던 우리 사이 공백
이게 끝이 아니길 바래
I wanna go back
너가 원하던 거
다 고친 지금에야
넌 어디로 갔는지
난 홀로 남아 lonely
오늘 따라 부는 바람도
참 시린 것 같은데
넌 왜이리 멀쩡해 보이는 건지
눈치도 없는 너지만
예전처럼만 웃어주면 돼
Ooo can't nobody do it like you
Said every little thing you do
Hey baby say it
stays on my mind
And I I'm officially missing you
나에겐 너 하나뿐인 걸
너 땜에 아파하는 걸
널 잊으려고 노력해봐도 잘 안돼
널 미워하는 건
too hard 너무 어려워
날 몰라주는 너도 서러워
I'm officially missing you
officially missing you
yeah I'm officially missing you, too
내가 아무 말도 하지 못한 이유
우리 사이 공백은 너무 길고
어떤 단어보다 너가 meaningful
on another round
더 멀어져 가며 흘러가는
어색했던 오늘 하루가
내겐 아쉽고 어제로 남아있어
이 밤이 지나도 아직도 여기 있어
여전히 내 머릿속 너 때문에
늘 뒤척거리는 매일 밤 
내 마음만 더 지쳐가
가로등 불은 거릴 비춰
흔들거리는 속을 변기 위에 비워
어 아무리 속을 비워도
남은 추억으로 취해 어지럽고
girl 난 아직 기댈 곳이 필요해
so 이 노래로 너를 씻어내
습관처럼 그리워해
날 보며 웃는 니 사진을
내 두 눈에 담고 미소를 지으면
다시 할 수 있을까 oh 그날처럼
나에겐 너 하나뿐인 걸
너 땜에 아파하는 걸
널 잊으려고 노력해봐도 잘 안돼
널 미워하는 건
추억 속 너에겐 못된 일이라
난 할 수가 없어
이렇게 널 그리워하는 날
알고 있는지
나에겐 너 하나뿐인 걸
너 땜에 아파하는 걸
널 잊으려고 노력해봐도 잘 안돼
널 미워하는 건
too hard 너무 어려워
날 몰라주는 너도 서러워
I'm officially missing you
officially missing you
can't nobody do it like you
Said every little thing you do
Hey baby say it
stays on my mind
And I
I'm officially missing you
"
86,발라드,발자국,먼데이키즈 (MondayKiz),"한 발자국을 못 가 멈춘
다시 한 발자국 못가 멈춘
몇 걸음 다시 떼다
멈춘 가슴이 울다
떠나간 니 발자국 따라 몇 번 울다
또 다시 멈춘 채로 몇 번 울다
도대체 나는 몇 번이나 울다
눈에는 또 눈에는
눈물이 가득차서 흐르다가
한걸음을 내밀고 두 걸음에도
마지막 발걸음에도
떨어지지 않는
이 발보다 그대를 못 잊어서
또 다시 한마디를 내뱉고
두 마디에 난 그대를 보내네
새하얗게 새하얗게 너를 보내

토라져버린 맘을 돌려 너를 보다
또 다시 고갤 돌려 너를 보다
이렇게 너를 몇 번이나 보다
끝내도 또 끝내도
내 발이 내 마음이 그댈 찾아
한걸음을 내밀고 두 걸음에도
마지막 발걸음에도
떨어지지 않는
이 발보다 그대를 못 잊어서
또 다시 한마디를 내뱉고
두 마디에 난 그대를 보내네
새하얗게 새하얗게 너를 보내
아니라고 잊었다고
아픔을 참고 보내도
그리운 맘에 발길이
돌아서도 못가고
애타게 그 이름을
불러도 모르잖아

한사람은 외로워
두사람으로 영원히 함께 하자고
손가락이 했던
그 약속도 여전히 못 잊어서
또 다시 한글자를 내뱉고
두글자에 난 사랑을 말하네
너를 두고 너를 두고 내가 간다
한걸음을 내밀고 두 걸음에도
마지막 발걸음에도
떨어지지 않는
이 발보다 그대를 못 잊어서
또 다시 한마디를 내뱉고
두 마디에 난 그대를 보내네
새하얗게 새하얗게 너를 보내
 
"
87,발라드,안녕 나의 사랑,성시경,"여름 냄새 벌써 이 거리에
날 비웃듯 시간은 흐르네
눈부신 햇살 얼굴을 가리면
빨갛게 손끝은 물들어가
몰래 동그라미 그려놨던
달력 위숫자 어느덧 내일
제일 맘에 드는 옷 펼쳐놓고서
넌 어떤 표정일까 나 생각해
해맑은 아이 같은
그대의 눈동자 그 미소가
자꾸 밟혀서 눈에 선해
한숨만 웃음만
그대 힘겨운 하루의 끝
이젠 누가 지킬까
누가 위로할까
내 턱끝까지 숨이 차올라
내 머리 위로 바람이 불어온다
온 힘을 다해 나는 달려간다
이게 마지막 선물이
될지도 몰라
눈물이 흘러 아니 내 얼굴
가득히 흐르는 땀방울
늘 그랬듯이 아무렇지 않게
웃으며 안녕
나의 사랑 그대 미안해

하루에도 몇 번씩 나눴던
잘잤어 보고싶다는 인사
그리울 때면 꺼내볼 수 있게
하나하나 내 마음에 담곤해
해맑은 아이 같은
그대의 눈동자 그 미소가
자꾸 밟혀서 눈에 선해
한숨만 웃음만
그대 힘겨운 하루의 끝
이젠 누가 지킬까
누가 위로할까
내 턱끝까지 숨이 차올라
내 머리 위로 바람이 불어온다
온 힘을 다해 나는 달려간다
이게 마지막 선물이
될지도 몰라

어떻게 어떻게 그대없는
내일 아침은 난 겁이 나요
수많은 밤들 견딜 수 있을까
웃으며 안녕
길 건너 멀리 니가 보인다
지루했나봐 발끝만 바라보네
온 힘을 다해 나는 달려간다
이제 마지막 인사가
될지도 몰라
눈물이 흘러 아니 내 얼굴
가득히 흐르는 땀방울
나 없을 때 아프면 안돼요
바보처럼 자꾸
괜찮을거야 잘 지내요
그대 안녕
 
"
88,발라드,미워도 사랑하니까,다비치,"사랑을 선물했더니
이별을 주려하다니
이런 사람이었니
너 왜 이렇게 못됐니
나만 사랑한다면서
우리 사랑 모두 거짓말이니
니가 내게 이럴 줄 몰랐어
여자의 마음을
왜 이렇게 모르니
정말 알다가도 모르는
남자들의 마음을
도대체 알수가 없어
너는 내 남자이니까
니가 내 사랑이니까
다 미안해
다 이해해
헤어지지 말자
밤 늦도록 술 마신다고
담배 좀 그만 피라고
귀찮은 잔소리도 하지 않을게
미워도 사랑하니까

성격이 조금 급하고
속이 좁은 여자란 걸 알잖아
고치려고 노력도 해볼게
화장기가 없는
맨 얼굴을 좋아한 너
화장이 진한 것 같아
거울을 보다가
눈물로 다 지웠어
너는 내 남자이니까
니가 내 사랑이니까
다 미안해
다 이해해
헤어지지 말자
주말에 영화 보자고
늦으면 전화하라고
귀찮은 잔소리도 하지 않을게
미워도 사랑하니까
도대체 니가 얼마만큼
잘난 놈이길래
왜 이렇게 대체
내 마음을 몰라주는데
날 아프게 하는데

늦어도 괜찮으니까
좀 늦어도 괜찮으니까
꼭 돌아온단 약속만 해줘
미워도 사랑하니까
미워도 사랑하니까
아파도 사랑하니까
너는 내 남자이니까
니가 날 안아줘야 해
모든 걸 다 알면서도
속고 또 속아주는게
여자의 마음인 걸 모르니
아파도 사랑하니까
미워도 사랑하니까
 
"
89,발라드,슬픔활용법,김범수,"잊은 듯이 다 나아진 듯이
마음 잔잔하게 살아가다가
문득 아무 이유 없이
모래를 삼킨 듯이
가슴이 먹먹한 날이 있지
창피하게 또 눈물이 나서
하늘을 보며 꾹 참아 보다가
내가 왜 이러는 걸까
고개 저어 봐도
결국엔 너의 생각만 나면
너 때문에 이렇게 산다고
너 때문에 못쓰게 된 나라고
바보처럼 너를 미워할
핑계를 찾곤 했어
슬픔이 너를 멀리로 데려가 주길
그때처럼 웃어 본 적 없어
세상이 마냥 좋은 적 없었어
눈부신 니가 없어서 앞을 못 본다고
떠나간 너를 탓할 때마다
너 때문에 내가 살았는데
너 때문에 너무 행복했는데
어떻게 목숨 같은 너를
그렇게 울렸냐고
오히려 슬픔은 또 너를 데려와
너 때문에 이렇게 산다고
너 때문에 못쓰게 된 나라고
바보처럼 너를 기억할
핑계를 찾고 있어
아직도 나는 이별도 못하고 살아
"
90,발라드,내 입술... 따뜻한 커피처럼,Sharp,"If you've ever biin in love before 
I know you feel this beat 
If you know it Don't be shy 
and sing along 
울지마 이미 지난 일이야 
삶의 반직선 위에 점일뿐이야 
살아가면서 누구나 겪는일이야 
어른이 되는 단지 과정일뿐야 
yo 단지 과정일뿐야 
제발 이러진 말아요 
끝이라는 얘기 
나는 항상 시작인걸요 
그대 사랑하는 마음 
점점 커져가고 있는 날 
잘 알잖아요 
네가 밟고 걷는 땅이 
되고 싶던 난 
잠시라도 네 입술 따뜻하게 
데워 준 
커피가 되어주고 싶었던 난 
아직도 널 울리고 있을거야 
아마도 난 
사랑해 사랑하는 마음말고 왜 
이렇게도 너무 필요한 게 
많은건지 왜 
지금 널 만나지 않아도 널 
울리고 있을 
내가 나는 왜 이리도 싫은건지 
나를 많이 알잖아요 그대 
사랑하며 
나를 모두 버렸다는 걸 
혼자 울며 걷는 나를 
모르나요 그러니 제발 
이러지 마요 
hey girl can you please 
tell me why 
no why no you don't have 
to lie 
and it hurts me in side 
but I want you to know 
I'll be waiting 
그래 어느 하늘아래 안에 
작은 내 사랑 
이젠 나의 사랑한단 말도 
의미도 잠시 넌 
우리의 힘들었던 지나간 
나의 넌 기리 위리 
우리의 기리 위리 돌릴 
수 없는 우리 
I know 이제는 돌리지 
못할 거란 걸 
you know 아니 너를 
사랑한단 걸 
오래 전 노래처럼 오래오래 
널 간직할래 
그래 너만을 위한 나의 
사랑은 이래 
remember I miss you 
난 하지만 행복해 이젠 넌 잘 
할 수 있을께 
네가 연습이 힘들었던 만큼 
다음엔 꼭 나 같은 
남자 피해갈테니 
자상하고 부드럽고 따뜻한 
남자였음 좋겠어 
너의 부모님 마음 충분히 
만족시켜 드리고 
편하게 해드릴 수 있는 단 
한 방울의 눈물없이 
단 한 번의 아픔없이 상처없이 
너무 편안한 사랑을 
했음 좋겠어 
꿈에서라도 싫어요 
떠나지 말아요 
나는 죽을지도 몰라요 
이대로 행복한걸요 모르겠나요 
아무것도 바라지 않아 
지나간 사랑으로 날 
그대의 추억 속에서 살게 
할건가요 
사랑은 계속 커져갈텐데 
이대로 나를 정말 보낼건가요 
울지마 이미 지난 일이야 
버틸 수 없을만큼 힘들겠지만 
삶의 반직선 위의 점일뿐이야 
어느 때보다도 긴 시간이겠지만 
살아가면서 누구나 겪는일이야 
쉽게 받아들일 수는 없겠지만 
어른이 되는 단지 과정일뿐야 
yo 단지 과정일 뿐야
"
91,발라드,보고싶은 날엔..,박지헌,"너를 보고싶은 날엔

멋지게 그대를 놓았죠
이렇게 아무렇지 않게
수백번 지우고 다짐을 해도
애써 남는건 아쉬움뿐
그렇게 그대를 떠나갔죠
정말 난 바보처럼 그대를 몰라
처음봤던 그 모습처럼
가슴이 떨리다가
너를 보고싶은 날엔
눈물나는 날엔
가슴뛰는 날엔
그리운 날엔
너의 전화번호
다시 또 누르게 되면
니가 너무나 그리워
어쩌다 니 소식 듣게되고
혹시나 너도 가끔 그리워할까
너무나 변했어 지금의 우리
추억도 별이되고
너를 보고싶은 날엔
눈물나는 날엔
가슴뛰는 날엔
그리운 날엔
너의 전화번호
다시 또 누르게 되면
니가 너무나 그리워
고마웠단 말에
미안했단 말에
사랑했단 말에
서툴던 맘에
돌아갈 수 없는
시간이 널 부를 때면
정말 너무나 그리워
눈을 떠봐도
보이는게 너 하나 뿐인데
무심코 거울을 보다
우리 처음 만났던 그 시간이
자꾸 스쳐 지나가고
다시 널 볼수있을까
너를 보고싶은 날엔
많이 생각나는 날엔
반쪽같은 날엔
울고싶은 날엔
아프던 날엔
너의 전화번호
다시 또 누르게 되면
니가 너무나 그리워
고마웠단 말에
미안했단 말에
사랑했단 말에
서툴던 맘에
돌아갈 수 없는
시간이 널 부를 때면
정말 너무나 그리워
 
"
92,"발라드, 국내드라마",너무 보고싶어,어쿠스틱 콜라보,"혼자 이별을 하고 
가버리면 난 어떡하라고
너 없는 하루를 살아보고 
너 없는 채로 잠들어본다
잊을 수 있다고 다짐을 해 보고
다 잊은 척 웃어도 보고
별일 아닌 듯 혼자 영화도 보고 
너의 빈자리 채워 본다
가끔 보고 싶어 견디기 힘들면
나 하루 종일 너를 찾아 헤매보고
손잡고 걷던 거리에 우두커니 서서
혹시 니가 올까 가슴 설레 본다
잘 살 수 있다고 다짐을 해 보고
태연한 척 웃어도 보고
드라마처럼 혼자 취해도 보고
널 잊으려고 하면 할수록
너무 보고 싶어 견디기 힘들어
비틀거리며 너를 또 찾아 헤매고
나란히 걷던 이 길에 나만 혼자 
남아 눈물 삼키면서 너를 기다린다 
날 그토록 사랑해주던 
너란 사람은 어디까지 간거니
너무 보고 싶어 견디기 힘들어
오늘따라 난 니가 너무 보고 싶어
나 술에 취한 채 추억에 취한 채
비틀거리면서 너를 기다린다
다시 너를 기다린다
"
93,발라드,My Love,이승철,"사랑해 그 말은 무엇보다 아픈 말 
숨죽여서 하는 말 
이젠하기 힘든 말 
Oh 햇살이 밝은 아침보다 
밤의 달빛이 어울려요 
이별의 그 입맞춤 
잠시 접어둔 채 이대로 이렇게 
힘껏 안아줄께 널 그리고 말할께 
나 이렇게 너를 외치면서 
My Love 
넌 보지 못할 내 마지막 눈물 
힘껏 안아줄께 널 그리고 보낼께 
나 또 한번 너를 외치면서 
My Love 
넌 듣지 못할 사랑한단 내 말 
괜찮아 그 말은 안쓰러운 거짓말 
애쓰면서 웃어도 
우린 그저 눈물만 
Oh 햇살이 밝은 아침보다 
밤의 달빛이 어울려요 
이별의 그 입맞춤 
잠시 접어둔 채 이대로 이렇게 
힘껏 안아줄께 널 그리고 말할께 
나 이렇게 너를 외치면서 
My Love 
넌 보지 못할 내 마지막 눈물 
힘껏 안아줄께 널 그리고 보낼께 
나 또 한번 너를 외치면서 
My Love 
넌 듣지 못할 사랑한단 내 말 
힘껏 안아줄께 널 그리고 말할께 
나 이렇게 너를 외치면서 
My Love 
넌 보지 못할 내 마지막 눈물 
힘껏 안아줄께 널 그리고 말할께 
나 이렇게 너를 외치면서
My Love 
넌 듣지 못할 사랑한단 내 말
My Love
"
94,발라드,러브119 (Feat. MC몽),케이윌,"내 심장이 내 사랑이 멈출 것 같아도

나 지금 아파 열이나 숨도 못 쉬어
멍든 가슴은 니 이름만 외쳐
I Can't Believe That It's Over
너라는 여자 남에게는 못 줘
내 사랑은 단 하루도 못 쉬어
내 가슴은 너 없이는 못 뛰어
너 없이는 뭘 할 수 있겠어
I Can't Believe that it's over
I can't never let you go
That you why you got to know
지쳐 쓰러질 때까지 나
사랑을 원하고
이젠 제발 날 사랑해줘
하나뿐인
Girl Friend Let's begin
다시 시작해 Till the end
널 사랑해 세월이 지나도
널 사랑해 세상이 변한대도
다른 누구도 널 대신 할 수 없어
너도 알고 있잖아
내 사랑은 단 하루도 못 쉬어
너 없이 난 한 순간도 못살아
니가 있어야만 난 숨을 쉬어
영원히 언제까지나 사랑해
Please 내 사랑은 Emergency
돌아와
Give me one more chance to me
우린 떼어낼 수 없는 Meant to be
Please 내 사랑은 Emergency
돌아와
Give me one more chance to me
우린 떼어낼 수 없는 Meant to be
제발 나만 선택해 Make it Hot
우리 사랑이 불타 버리게
너를 못 보는 것보다
차라리 담배를 끊는 게 편해
이젠 제발 날 사랑해줘
하나뿐인
Girl Friend Let's begin
다시 시작해 Till the end
널 사랑해 세월이 지나도
널 사랑해 세상이 변한대도
다른 누구도 널 대신 할 수 없어
너도 알고 있잖아
내 사랑은 단 하루도 못 쉬어
너 없이 난 한 순간도 못살아
니가 있어야만 난 숨을 쉬어
영원히 언제까지나 사랑해
심장이 멈출 것 같아도
내 사랑 너와 나 이대로
고마워 날 사랑해 줘서
고마워 날 웃게해 줘서

내 심장이 내 사랑이 멈출 것 같아도
나의 눈이 아닌
내 가슴으로 하는 말 언제까지나
널 사랑해 십 년이 지나도
그대 밤을 비추는 저 별처럼
다시 한번 태어나더라도
그렇게 난 그대만을 사랑해
Back Back I want it back
힘이 될 사랑을 지켜줘
You you you got to know
너만을 위해
I need your Love
Back Back I want it back
힘이 될 사랑을 지켜줘
You you you got to know
너만을 위해
I need your Love
 
"
95,발라드,한번 더 이별,성시경,"뒤돌아 보면 너의 생각을
떠올린 게 언제였더라
숨 가쁘게 사는 건 무디게 했어
끝나지 않을 것만 같던 그리움
모른 척 너란 사람
묻어주던 친구들은
이제는 슬며시 네 안부 전하고
이젠 떨리지 않아
침착히 고개 끄덕인
나의 모습은 널 잊은 걸까
다시 못 보는 너
남의 사람인 너 견디기엔
미칠 것만 같던
이별의 그날들이 떠나가요
추억 너머 그저 기억으로만
지나간 사람으로만
이제는 너라고 말하지 않겠어요
그 어디에 살더라도
제발 나쁜 안부 안 들리게
뒤돌아 보면 그대 추억이 
사라지면 비어 버리는
나의 계절들이 맘에 걸려도
그리움 멈추는 게 나는 좋아요
못 본 척 나의 눈물
가려 주던 친구들은
이제는 웃으며 그 얘길 꺼내고
나도 웃음으로
받아 줄 수 있었던 오늘
우리 한 번 더 이별할까요
다시 못 볼 그대
남의 사람 그대 견디기엔
미칠 것만 같던
이별의 그날들이 떠나가요
추억 너머 그저 기억으로만
지나간 사람으로만
이젠 그대라고도
말하지 않겠어요
이제서야 안녕
한 번도 안했던 말 안녕
다시 올 것 같던
나 혼자만의 오랜 기대였던
그 날들이 내겐 필요 했어요
많은 걸 깨닫게 했던 그 이별을
난 한번 더 오늘 할게요
그 어디에 살더라도
제발 나쁜 안부 안 들리게
"
96,발라드,좋은사람,박효신,"좋은사람

준비없이 비를 만난것처럼
아무말 못한채 너를 보낸뒤에
한동안 취한 새벽에 잠을 청하며
너를 그렇게 잊어보려했어
시간이가도 잊혀지지 않는 널 
생각하면서 깨달은게있어
좋은사람 사랑했었다면
헤어져도 슬픈게 아니야
이별이 내게 준것은
곁에 있을때 보다
너를 더욱 사랑하는 맘
셀수없이 많은 날을 울면서 
힘든가슴을 보이지 않았던 널
끝내 날 나쁜남자로 만들었던 널
어떻게든 미워하려했어
어떤말로도 미워할수없는 널 
생각하면서 깨달은게있어
좋은사람 사랑했었다면
헤어져도 슬픈게 아니야
이별이 내게 준것은
조금 멀리떨어져  
너를 헤아릴수 있는 맘
늦었겠지만 너의 맘 아프게했던
바보같은 날 용서해줘
단 한번만 허락해준다면
나를 믿고 돌아와준다면
언제나 말하곤했던
그런 사람이되어
너를 지켜주고싶은데
다시 돌아올순 없겠니
"
97,발라드,잘가요 내사랑,에이트,"안녕 잘 지내니
귀엽던 니 얼굴은 예전과 같은지
조금 늦은 안부
늦은 이별을 담아 쓴다
뜬금없이 웬 편지냐고  
묻진 않을지
메시지 미니 홈피 흔한데 굳이
펜을 드는 건 혹시나
내 맘 다 못 전할까봐
다른 방법으론
역시나 안 될 거 같아
힘겹더라 많이 사랑했던 터라
뭐 하나 하나
내 뜻대로 되는 게 없더라
그만 널 괴롭혀라
스스로 다짐하고
죽은 듯 기다려도
니가 오는 건 아니더라
잘가요 내 사랑
이젠 보내줄게요
기억 추억 모두 잊을게요
지우고 지워서 사랑 한 점도
비워 낼게요 내 맘에서
한 번 단 한번만 널
다시 보게 되면 얼마나 좋을까
이런 더딘 미련
눈물도 모두 지우련다
몸이 멀어지면
마음도 멀어진단 말
하나도 내겐 소용 없더라
다 거짓말
하루 하루 갈수록 초췌해지는
내가 안쓰러 돌아갈 순 없을까
매일을 물어 내게 스스로
애타는 내 맘을
쥐어짜내 소리쳐 봤자
네겐 들리지가 않는다
추억의 끝에서야
이별을 깨달은 후에야
내 맘에서 널 보낸다 안녕
잘가요 내 사랑
이젠 보내줄게요
기억 추억 모두 잊을게요
지우고 지워서 사랑 한 점도
비워 낼게요 내 맘에서
더 시간이 지나면
너를 잊을 줄 알았는데
다시 또 다시 내 맘속에 찾아와
안돼요 내 사랑 보낼 수가 없네요
그댈 그댈 잊어야 하는데
지우고 지워도 내겐
또 그대 뿐인가봐요
미안해요
"
98,발라드,너를 위해,임재범,"어쩜 우린 복잡한 인연에 
서로 엉켜있는 사람인가봐 
나는 매일 네게 갚지도 못할만큼 
많은 빚을 지고 있어 
연인처럼 때론 남남처럼 
계속 살아가도 괜찮은 걸까 
그렇게도 많은 잘못과 잦은 이별에도 
항상 거기 있는 너 
날 세상에서 제대로 살게해 줄 
유일한 사람이 너란걸 알아 
나 후회없이 살아가기 위해 
너를 붙잡아야 할테지만 
내 거친 생각과 불안한 눈빛과 
그걸 지켜보는 너 
그건 아마도 전쟁같은 사랑 
난 위험하니까 사랑하니까 
너에게서 떠나줄꺼야 

날 세상에서 제대로 살게해 줄 
유일한 사람이 너란걸 알아 
나 후회없이 살아가기 위해 
너를 붙잡아야 할테지만 
내 거친 생각과 불안한 눈빛과 
그걸 지켜보는 너 
그건 아마도 전쟁같은 사랑 
난 위험하니까 사랑하니까 
너에게서 떠나줄꺼야 
너를 위해 떠날꺼야

"
99,"발라드, 국내드라마",가슴 아파도,환희,"오늘 하루도 열두번도 더
내 마음이 다녀오네요
그대가 내게 위험하대도
이젠 멈출 수가 없어요
종일 그려도 내일에 쓸 그리움 
어제처럼 다시 남아서
가슴 아파도 나 이렇게 웃어요
내 눈이 행복한 건 처음이니까
삼킨 눈물에 맘이 짓물러가도
그대라면 난 괜찮아요
외로울수록 눈물날수록
알 수 없는 힘이 생겨요
슬픔에 지치면 미움에 다치면
그댈 잃을지도 몰라요
알고 있나요 내 기다림이 훨씬
삶보다 더 길다는 것을
가슴 아파도 나 이렇게 웃어요
내 눈이 행복한 건 처음이니까
삼킨 눈물에 맘이 짓물러가도 
그대라면 난 괜찮아요
두번 다신 그댈 볼 수 없다면
아무것도 못보게 될텐데
눈을 뜨고도 감은 것처럼
어둠 속을 걷게 될 텐데
안고 싶어요 사랑하고 싶어요
내 품이 닳아 없어지는 날까지
남은 소원을 다 버려도 좋으니
내겐 단 한사람만
오직 이 한소원만
그대라면 난 감사해요
"
